CID,MW,MF,TPSA,XL,HAC,HBDC,HBAC,RBC,SMILES,Charge,CBUC
3220,270.24,C15H10O5,94.8,2.7,20,3,5,0,CC1=CC2=C(C(=C1)O)C(=O)C3=C(C2=O)C=C(C=C3O)O,0,1
4485,346.3,C17H18N2O6,110,2.2,25,1,7,5,CC1=C(C(C(=C(N1)C)C(=O)OC)C2=CC=CC=C2[N+](=O)[O-])C(=O)OC,0,1
445154,228.24,C14H12O3,60.7,3.1,17,3,3,2,C1=CC(=CC=C1C=CC2=CC(=CC(=C2)O)O)O,0,1
2153,180.16,C7H8N4O2,69.3,0,13,1,3,0,CN1C2=C(C(=O)N(C1=O)C)NC=N2,0,1
178,59.07,C2H5NO,43.1,-0.9,4,1,1,0,CC(=O)N,0,1
3883,369.4,C16H14F3N3O2S,87.1,2.8,25,1,8,5,CC1=C(C=CN=C1CS(=O)C2=NC3=CC=CC=C3N2)OCC(F)(F)F,0,1
5280343,302.23,C15H10O7,127,1.5,22,5,7,1,C1=CC(=C(C=C1C2=C(C(=O)C3=C(C=C(C=C3O2)O)O)O)O)O,0,1
126941,454.4,C20H22N8O5,211,-1.8,33,5,12,9,CN(CC1=CN=C2C(=N1)C(=NC(=N2)N)N)C3=CC=C(C=C3)C(=O)NC(CCC(=O)O)C(=O)O,0,1
54676228,331.3,C15H13N3O4S,108,3.1,23,2,6,2,CN1C(=C(C2=CC=CC=C2S1(=O)=O)O)C(=O)NC3=CC=CC=N3,0,1
785,110.11,C6H6O2,40.5,0.6,8,2,2,0,C1=CC(=CC=C1O)O,0,1
5280445,286.24,C15H10O6,107,1.4,21,4,6,1,C1=CC(=C(C=C1C2=CC(=O)C3=C(C=C(C=C3O2)O)O)O)O,0,1
5281672,318.23,C15H10O8,148,1.2,23,6,8,1,C1=C(C=C(C(=C1O)O)O)C2=C(C(=O)C3=C(C=C(C=C3O2)O)O)O,0,1
3397,276.21,C11H11F3N2O3,74.9,3.3,19,1,6,2,CC(C)C(=O)NC1=CC(=C(C=C1)[N+](=O)[O-])C(F)(F)F,0,1
44093,217.29,C9H15NO3S,58.6,0.3,14,2,4,3,CC(CS)C(=O)N1CCCC1C(=O)O,0,1
65999,514.6,C33H30N4O2,72.9,6.9,39,1,4,7,CCCC1=NC2=C(N1CC3=CC=C(C=C3)C4=CC=CC=C4C(=O)O)C=C(C=C2C)C5=NC6=CC=CC=C6N5C,0,1
4594,345.4,C17H19N3O3S,96.3,2.2,24,1,6,5,CC1=CN=C(C(=C1OC)C)CS(=O)C2=NC3=C(N2)C=C(C=C3)OC,0,1
3019,230.67,C8H7ClN2O2S,66.9,1.2,14,1,3,0,CC1=NS(=O)(=O)C2=C(N1)C=CC(=C2)Cl,0,1
3108,504.6,C24H40N8O4,145,0.7,36,4,12,12,C1CCN(CC1)C2=NC(=NC3=C2N=C(N=C3N4CCCCC4)N(CCO)CCO)N(CCO)CCO,0,1
53232,404.5,C24H36O5,72.8,4.3,29,1,5,7,CCC(C)C(=O)OC1CC(C=C2C1C(C(C=C2)C)CCC3CC(CC(=O)O3)O)C,0,1
774,111.15,C5H9N3,54.7,-0.7,8,2,2,2,C1=C(NC=N1)CCN,0,1
4495,308.31,C13H12N2O5S,110,2.6,21,1,6,4,CS(=O)(=O)NC1=C(C=C(C=C1)[N+](=O)[O-])OC2=CC=CC=C2,0,1
5770,608.7,C33H40N2O9,118,4,44,1,10,10,COC1C(CC2CN3CCC4=C(C3CC2C1C(=O)OC)NC5=C4C=CC(=C5)OC)OC(=O)C6=CC(=C(C(=C6)OC)OC)OC,0,1
443955,350.5,C22H26N2O2,34.5,4.1,26,0,3,4,CCC12CCCN3C1C4=C(CC3)C5=CC=CC=C5N4C(=C2)C(=O)OCC,0,1
4539,319.33,C16H18FN3O3,72.9,-1,23,2,7,3,CCN1C=C(C(=O)C2=CC(=C(C=C21)N3CCNCC3)F)C(=O)O,0,1
4781,308.4,C19H20N2O2,40.6,3.2,23,0,2,5,CCCCC1C(=O)N(N(C1=O)C2=CC=CC=C2)C3=CC=CC=C3,0,1
6253,243.22,C9H13N3O5,129,-2.1,17,4,5,2,C1=CN(C(=O)N=C1N)C2C(C(C(O2)CO)O)O,0,1
4055,172.18,C11H8O2,34.1,2.2,13,0,2,0,CC1=CC(=O)C2=CC=CC=C2C1=O,0,1
1349907,114.17,C4H6N2S,47.4,-0.3,7,1,1,0,CN1C=CNC1=S,0,1
370,170.12,C7H6O5,98,0.7,12,4,5,1,C1=C(C=C(C(=C1O)O)O)C(=O)O,0,1
71077,105.09,C3H7NO3,83.6,-3.1,7,3,4,2,C(C(C(=O)O)N)O,0,1
3503,518.6,C30H30O8,156,6.9,38,6,8,5,CC1=CC2=C(C(=C(C(=C2C(C)C)O)O)C=O)C(=C1C3=C(C4=C(C=C3C)C(=C(C(=C4C=O)O)O)C(C)C)O)O,0,1
6305,204.22,C11H12N2O2,79.1,-1.1,15,3,3,3,C1=CC=C2C(=C1)C(=CN2)CC(C(=O)O)N,0,1
2733526,371.5,C26H29NO,12.5,7.1,28,0,2,8,CCC(=C(C1=CC=CC=C1)C2=CC=C(C=C2)OCCN(C)C)C3=CC=CC=C3,0,1
4100,236.3,C5H8N4O3S2,139,0.1,14,1,6,1,CC(=O)N=C1N(N=C(S1)S(=O)(=O)N)C,0,1
4477,327.12,C13H8Cl2N2O4,95.2,4,21,2,4,2,C1=CC(=C(C=C1[N+](=O)[O-])Cl)NC(=O)C2=C(C=CC(=C2)Cl)O,0,1
2466,223.27,C12H17NO3,58.6,1.9,16,2,3,6,CCCCOC1=CC=C(C=C1)CC(=O)NO,0,1
39562,321.2,C15H10Cl2N2O2,55.1,4.3,21,1,3,3,C1=CC=C2C(=C1)C(=NN2CC3=C(C=C(C=C3)Cl)Cl)C(=O)O,0,1
55245,429.6,C29H35NO2,40.5,3.8,32,1,3,3,CC#CC1(CCC2C1(CC(C3=C4CCC(=O)C=C4CCC23)C5=CC=C(C=C5)N(C)C)C)O,0,1
667639,244.24,C14H12O4,80.9,2.9,18,4,4,2,C1=CC(=C(C=C1C=CC2=CC(=CC(=C2)O)O)O)O,0,1
5336,249.29,C11H11N3O2S,93.5,0,17,2,5,3,C1=CC=NC(=C1)NS(=O)(=O)C2=CC=C(C=C2)N,0,1
3117,296.5,C10H20N2S4,121,3.9,16,0,4,7,CCN(CC)C(=S)SSC(=S)N(CC)CC,0,1
3194,274.19,C13H9NOSe,20.3,NULL,16,0,1,1,C1=CC=C(C=C1)N2C(=O)C3=CC=CC=C3[Se]2,0,1
5503,311.4,C14H21N3O3S,86.9,1.5,21,2,4,3,CC1=CC=C(C=C1)S(=O)(=O)NC(=O)NN2CCCCCC2,0,1
689043,180.16,C9H8O4,77.8,1.2,13,3,4,2,C1=CC(=C(C=C1C=CC(=O)O)O)O,0,1
104762,259.22,C9H13N3O6,151,-1.9,18,5,7,3,C1=NC(=C(N1C2C(C(C(O2)CO)O)O)O)C(=O)N,0,1
2733484,376.9,C19H21ClN2O2S,87.8,3.9,25,3,3,3,C1CC2=CC(=C(C=C2CN(C1)C(=S)NCCC3=CC=C(C=C3)Cl)O)O,0,1
5280569,178.14,C9H6O4,66.8,1.2,13,2,4,0,C1=CC(=C(C2=C1C=CC(=O)O2)O)O,0,1
1318,180.2,C12H8N2,25.8,1.8,14,0,2,0,C1=CC2=C(C3=C(C=CC=N3)C=C2)N=C1,0,1
4212,444.5,C22H28N4O6,163,1,32,8,10,12,C1=CC(=C2C(=C1NCCNCCO)C(=O)C3=C(C=CC(=C3C2=O)O)O)NCCNCCO,0,1
4362,125.13,C6H7NO2,37.4,0.9,9,0,2,1,CCN1C(=O)C=CC1=O,0,1
3213,246.31,C17H14N2,28.7,4.8,19,1,1,0,CC1=C2C=CN=CC2=C(C3=C1NC4=CC=CC=C43)C,0,1
33032,147.13,C5H9NO4,101,-3.7,10,3,5,4,C(CC(=O)O)C(C(=O)O)N,0,1
1066,167.12,C7H5NO4,87.5,0.2,12,2,5,2,C1=CC(=C(N=C1)C(=O)O)C(=O)O,0,1
6047,197.19,C9H11NO4,104,-2.7,14,4,5,3,C1=CC(=C(C=C1CC(C(=O)O)N)O)O,0,1
1018,123.11,C6H5NO2,50.2,0.8,9,1,3,1,C1=CC=NC(=C1)C(=O)O,0,1
5281670,302.23,C15H10O7,127,1.5,22,5,7,1,C1=CC(=C(C=C1O)O)C2=C(C(=O)C3=C(C=C(C=C3O2)O)O)O,0,1
7108,199.27,C12H9NS,37.3,4.2,14,1,2,0,C1=CC=C2C(=C1)NC3=CC=CC=C3S2,0,1
610479,261.7,C14H12ClNO2,49.3,5.2,18,2,3,3,CC1=C(C=CC=C1Cl)NC2=CC=CC=C2C(=O)O,0,1
2092,389.4,C19H27N5O4,112,1.7,28,2,8,8,CN(CCCNC(=O)C1CCCO1)C2=NC3=CC(=C(C=C3C(=N2)N)OC)OC,0,1
4418,392.5,C24H28N2O3,45.2,4.1,29,1,5,7,COC1=CC=CC=C1N2CCN(CC2)CC(COC3=CC=CC4=CC=CC=C43)O,0,1
24360,348.4,C20H16N2O4,79.7,1,26,1,5,1,CCC1(C2=C(COC1=O)C(=O)N3CC4=CC5=CC=CC=C5N=C4C3=C2)O,0,1
2435,292.13,C11H10BrN5,62.2,0.6,17,2,3,2,C1CN=C(N1)NC2=C(C3=NC=CN=C3C=C2)Br,0,1
2788,305.5,C9H5ClINO,33.1,3.5,13,1,2,0,C1=CC2=C(C(=C(C=C2Cl)I)O)N=C1,0,1
3820,327.17,C16H11BrN2O,44.9,3.3,20,2,1,0,C1C2=C(C3=CC=CC=C3NC1=O)NC4=C2C=C(C=C4)Br,0,1
460612,305.2,C13H18Cl2N2O2,66.6,-0.5,19,2,4,8,C1=CC(=CC=C1CC(C(=O)O)N)N(CCCl)CCCl,0,1
161930,311.29,C16H13N3O4,98.4,2.2,23,2,4,2,C1C=C(NC(=O)N1C2=CC=CC=C2O)C3=CC(=CC=C3)[N+](=O)[O-],0,1
444899,304.5,C20H32O2,37.3,6.3,22,1,2,14,CCCCCC=CCC=CCC=CCC=CCCCC(=O)O,0,1
2907,261.079,C7H15Cl2N2O2P,41.6,0.6,14,1,4,5,C1CNP(=O)(OC1)N(CCCl)CCCl,0,1
3293,217.31,C14H19NO,21.3,3.1,16,1,2,2,CCOC1=CC2=C(C=C1)NC(C=C2C)(C)C,0,1
3611,164.2,C10H12O2,37.3,2.1,12,1,2,1,CC(C)C1=CC(=O)C(=CC=C1)O,0,1
3698,187.2,C10H9N3O,68,-0.2,14,2,3,1,C1=CN=CC=C1C2=CNC(=O)C(=C2)N,0,1
5281847,516.5,C30H28O8,145,5.9,38,5,8,6,CC1=C(C(=C(C(=C1O)C(=O)C)O)CC2=C(C(=C3C(=C2O)C=CC(O3)(C)C)C(=O)C=CC4=CC=CC=C4)O)O,0,1
5757,272.4,C18H24O2,40.5,4,20,2,2,0,CC12CCC3C(C1CCC2O)CCC4=C3C=CC(=C4)O,0,1
3712,147.17,C9H9NO,36,1.1,11,2,1,1,C1=CC=C2C(=C1)C(=CN2)CO,0,1
3845,189.17,C10H7NO3,66.4,1.3,14,2,4,1,C1=CC=C2C(=C1)C(=O)C=C(N2)C(=O)O,0,1
51039,367.8,C15H14ClN3O4S,138,-1.8,24,3,6,4,C1C(=C(N2C(S1)C(C2=O)NC(=O)C(C3=CC=CC=C3)N)C(=O)O)Cl,0,1
697993,167.3,C7H5NS2,69.4,2.4,10,1,2,0,C1=CC=C2C(=C1)NC(=S)S2,0,1
1548887,356.4,C20H17FO3S,73.6,3.4,25,1,5,4,CC1=C(C2=C(C1=CC3=CC=C(C=C3)S(=O)C)C=CC(=C2)F)CC(=O)O,0,1
3727,184.96,C2H4INO,43.1,-0.2,5,1,1,1,C(C(=O)N)I,0,1
6234,102.09,C3H6N2O2,64.4,-1.5,7,2,3,0,C1C(C(=O)NO1)N,0,1
135399235,271.27,C13H13N5O2,92.3,1.6,20,2,5,4,CCCOC1=CC=CC=C1C2=NC3=NNN=C3C(=O)N2,0,1
42574,663.1,C22H14Cl2I2N2O2,73.1,7.2,30,2,3,4,CC1=CC(=C(C=C1NC(=O)C2=C(C(=CC(=C2)I)I)O)Cl)C(C#N)C3=CC=C(C=C3)Cl,0,1
2972,139.15,C7H9NO2,40.5,0.5,10,1,3,0,CC1=C(C(=O)C=CN1C)O,0,1
4760,222.24,C15H10O2,34.1,2.9,17,0,2,1,C1=CC=C(C=C1)C2C(=O)C3=CC=CC=C3C2=O,0,1
164676,294.3,C19H18O3,47.3,4.3,22,0,3,0,CC1=COC2=C1C(=O)C(=O)C3=C2C=CC4=C3CCCC4(C)C,0,1
4472,298.34,C16H18N4O2,83.1,0.9,22,3,4,7,C1=CC=C(C=C1)CNC(=O)CCNNC(=O)C2=CC=NC=C2,0,1
444732,302.37,C17H22N2O3,69.6,2.7,22,2,4,6,CC(C=C(C)C=CC(=O)NO)C(=O)C1=CC=C(C=C1)N(C)C,0,1
2722,214.04,C9H5Cl2NO,33.1,3.5,13,1,2,0,C1=CC2=C(C(=C(C=C2Cl)Cl)O)N=C1,0,1
5639,387.5,C20H29N5O3,68.4,1.5,28,1,6,7,CN1C(=CC(=O)N(C1=O)C)NCCCN2CCN(CC2)C3=CC=CC=C3OC,0,1
28693,403.5,C25H29N3O2,46.5,3.8,30,1,3,5,CN1CC(CC2C1CC3=CN(C4=CC=CC2=C34)C)CNC(=O)OCC5=CC=CC=C5,0,1
2733525,563.6,C32H37NO8,145,NULL,41,4,9,13,CCC(=C(C1=CC=CC=C1)C2=CC=C(C=C2)OCCN(C)C)C3=CC=CC=C3.C(C(=O)O)C(CC(=O)O)(C(=O)O)O,0,2
289,110.11,C6H6O2,40.5,0.9,8,2,2,0,C1=CC=C(C(=C1)O)O,0,1
5455,240.4,C6H12N2S4,121,1.7,12,0,4,3,CN(C)C(=S)SSC(=S)N(C)C,0,1
34359,226.23,C10H14N2O4,116,-2.2,16,5,6,4,CC(CC1=CC(=C(C=C1)O)O)(C(=O)O)NN,0,1
119,103.12,C4H9NO2,63.3,-3.2,7,2,3,3,C(CC(=O)O)CN,0,1
5342,404.5,C23H20N2O3S,76.9,2.3,29,0,4,6,C1=CC=C(C=C1)N2C(=O)C(C(=O)N2C3=CC=CC=C3)CCS(=O)C4=CC=CC=C4,0,1
444795,300.4,C20H28O2,37.3,6.3,22,1,2,5,CC1=C(C(CCC1)(C)C)C=CC(=CC=CC(=CC(=O)O)C)C,0,1
1474,156.18,C10H8N2,25.8,1.7,12,0,2,1,C1=CC=NC(=C1)C2=CC=CC=N2,0,1
2202,226.23,C14H10O3,57.5,3.2,17,2,3,0,C1C2=C(C(=CC=C2)O)C(=O)C3=C1C=CC=C3O,0,1
4641,324.4,C19H20N2O3,60.8,2.7,24,1,3,5,CCCCC1C(=O)N(N(C1=O)C2=CC=C(C=C2)O)C3=CC=CC=C3,0,1
5453,189.22,C6H12N3PS,41.1,0.5,11,0,4,3,C1CN1P(=S)(N2CC2)N3CC3,0,1
38853,211.21,C10H13NO4,104,-1.9,15,4,5,3,CC(CC1=CC(=C(C=C1)O)O)(C(=O)O)N,0,1
56801,603.7,C36H45NO7,140,NULL,44,6,8,17,C1=CC=C(C=C1)CCCCOCCCCCCNCC(C2=CC(=C(C=C2)O)CO)O.C1=CC=C2C(=C1)C=CC(=C2O)C(=O)O,0,2
2723601,167.19,C5H5N5S,111,-0.1,11,3,2,0,C1=NC2=C(N1)C(=S)N=C(N2)N,0,1
2771,324.4,C20H21FN2O,36.3,3.2,24,0,4,5,CN(C)CCCC1(C2=C(CO1)C=C(C=C2)C#N)C3=CC=C(C=C3)F,0,1
27447,347.4,C16H17N3O4S,138,0.6,24,3,6,4,CC1=C(N2C(C(C2=O)NC(=O)C(C3=CC=CC=C3)N)SC1)C(=O)O,0,1
5288209,391.5,C26H33NO2,49.3,7.3,29,2,2,6,CC1=C(C(CCC1)(C)C)C=CC(=CC=CC(=CC(=O)NC2=CC=C(C=C2)O)C)C,0,1
5154,332.3,C20H14NO4+,40.8,4.4,25,0,4,0,C[N+]1=C2C(=C3C=CC4=C(C3=C1)OCO4)C=CC5=CC6=C(C=C52)OCO6,1,1
10206,606.7,C37H38N2O6,61.9,6.5,45,0,8,2,CN1CCC2=CC3=C(C4=C2C1CC5=CC=C(C=C5)OC6=C(C=CC(=C6)CC7C8=CC(=C(C=C8CCN7C)OC)O4)OC)OCO3,0,1
3278,303.13,C13H12Cl2O4,63.6,3.8,19,1,4,6,CCC(=C)C(=O)C1=C(C(=C(C=C1)OCC(=O)O)Cl)Cl,0,1
3696,280.4,C19H24N2,6.5,4.8,21,0,2,4,CN(C)CCCN1C2=CC=CC=C2CCC3=CC=CC=C31,0,1
3001055,314.41,C13H22N4O3S,112,0.3,21,2,7,9,CNC(=C[N+](=O)[O-])NCCSCC1=CC=C(O1)CN(C)C,0,1
54671203,444.4,C22H24N2O8,182,-0.7,32,6,9,2,CC1C2C(C3C(C(=O)C(=C(C3(C(=O)C2=C(C4=C1C=CC=C4O)O)O)O)C(=O)N)N(C)C)O,0,1
546,140.03,C2H5O5P,94.8,-2,8,3,5,2,C(C(=O)O)P(=O)(O)O,0,1
2948,282.25,C16H10O5,80.7,2.5,21,1,5,2,COC1=C2C(=CC(=C1C=O)O)C(=O)C3=CC=CC=C3C2=O,0,1
5583,369.4,C19H23N5O3,118,2.5,27,3,8,6,CC1=C(C=CC2=C1C(=NC(=N2)N)N)CNC3=CC(=C(C(=C3)OC)OC)OC,0,1
853433,164.2,C10H12O2,29.5,2.6,12,1,2,2,CC=CC1=CC(=C(C=C1)O)OC,0,1
3442,179.22,C10H13NO2,50.2,2.6,13,1,3,4,CCCCC1=CN=C(C=C1)C(=O)O,0,1
3675,136.19,C8H12N2,38,1.2,10,2,2,3,C1=CC=C(C=C1)CCNN,0,1
5566,407.5,C21H24F3N3S,35,5,28,0,7,4,CN1CCN(CC1)CCCN2C3=CC=CC=C3SC4=C2C=C(C=C4)C(F)(F)F,0,1
439260,169.18,C8H11NO3,86.7,-1.2,12,4,4,2,C1=CC(=C(C=C1C(CN)O)O)O,0,1
547,168.15,C8H8O4,77.8,0.5,12,3,4,2,C1=CC(=C(C=C1CC(=O)O)O)O,0,1
65340,189.64,C8H12ClNO2,66.5,NULL,12,4,3,2,C1=CC(=C(C=C1CCN)O)O.Cl,0,2
3885,242.27,C15H14O3,43.4,2.2,18,0,3,0,CC1(CCC2=C(O1)C3=CC=CC=C3C(=O)C2=O)C,0,1
736715,138.12,C6H6N2O2,66,0,10,2,3,2,C1=C(NC=N1)C=CC(=O)O,0,1
5941,225.2,C4H14Cl2N2S2,103,NULL,10,4,4,5,C(CSSCCN)N.Cl.Cl,0,3
4849,362.4,C17H18N2O5S,118,2.2,25,2,7,5,C1CCN(C1)C2=C(C(=CC(=C2)C(=O)O)S(=O)(=O)N)OC3=CC=CC=C3,0,1
107812,109.15,C2H7NO2S,82.5,-1.5,6,2,4,2,C(CS(=O)O)N,0,1
3637,160.18,C8H8N4,63.8,0.7,12,2,4,1,C1=CC=C2C(=C1)C=NN=C2NN,0,1
5983,275.35,C15H21N3O2,44.8,0.7,20,1,4,2,CC12CCN(C1N(C3=C2C=C(C=C3)OC(=O)NC)C)C,0,1
54670067,176.12,C6H8O6,107,-1.6,12,4,6,2,C(C(C1C(=C(C(=O)O1)O)O)O)O,0,1
2950,240.21,C14H8O4,74.6,3.2,18,2,4,0,C1=CC2=C(C(=C1)O)C(=O)C3=C(C2=O)C=CC=C3O,0,1
3396,475.6,C29H31F2N3O,35.6,5.6,35,1,5,7,C1CN(CCC12C(=O)NCN2C3=CC=CC=C3)CCCC(C4=CC=C(C=C4)F)C5=CC=C(C=C5)F,0,1
42890,497.5,C26H27NO9,177,1.9,36,5,10,3,CC1C(C(CC(O1)OC2CC(CC3=C2C(=C4C(=C3O)C(=O)C5=CC=CC=C5C4=O)O)(C(=O)C)O)N)O,0,1
54685921,246.21,C13H10O5,87,1.7,18,3,5,2,C1=CC(=C(C=C1C=CC2=CC(=CC(=O)O2)O)O)O,0,1
4917,373.9,C20H24ClN3S,35,4.9,25,0,4,4,CN1CCN(CC1)CCCN2C3=CC=CC=C3SC4=C2C=C(C=C4)Cl,0,1
4386,213.23,C13H11NO2,49.3,4.4,16,2,3,3,C1=CC=C(C=C1)NC2=CC=CC=C2C(=O)O,0,1
9082,113.61,C2H8ClNS,27,NULL,5,3,2,1,C(CS)N.Cl,0,2
107952,343.9,C18H30ClNO3,50.7,NULL,23,3,4,11,CC(C)NCC(COC1=CC=C(C=C1)CCOCC2CC2)O.Cl,0,2
53708,248.3,C12H12N2O2S,83.5,1.6,17,2,3,3,CC1=C(NC(=O)N1)C(=O)C2=CC=C(C=C2)SC,0,1
5289501,348.5,C24H28O2,37.3,7.5,26,1,2,3,CC(=CC1=CC=C(C=C1)C(=O)O)C2=CC3=C(C=C2)C(CCC3(C)C)(C)C,0,1
10783,161.65,C6H8ClNS,41.1,2.1,9,0,2,2,CC1=C(SC=N1)CCCl,0,1
5280795,384.6,C27H44O,20.2,7.9,28,1,1,6,CC(C)CCCC(C)C1CCC2C1(CCCC2=CC=C3CC(CCC3=C)O)C,0,1
3894,381.4,C21H19NO6,122,3.7,28,5,7,6,C1=CC=C(C(=C1)CN(CC2=C(C=CC(=C2)O)O)C3=CC(=C(C=C3)O)C(=O)O)O,0,1
11545,153.61,C5H12ClNO2,37.3,NULL,9,1,3,2,C[N+](C)(C)CC(=O)O.[Cl-],0,2
68551,300.8,C18H21ClN2,6.5,NULL,21,1,2,0,CN1CCN2C(C1)C3=CC=CC=C3CC4=CC=CC=C42.Cl,0,2
4680,339.4,C20H21NO4,49.8,3.9,25,0,5,6,COC1=C(C=C(C=C1)CC2=NC=CC3=CC(=C(C=C32)OC)OC)OC,0,1
5202,176.21,C10H12N2O,62,0.2,13,3,2,2,C1=CC2=C(C=C1O)C(=CN2)CCN,0,1
443600,385.5,C19H35N3O5,119,1.5,27,4,5,11,CCCCCC(CC(=O)NO)C(=O)NC(C(C)C)C(=O)N1CCCC1CO,0,1
3071,246.31,C17H14N2,31.6,4.3,19,2,0,2,C1=CC=C2C(=C1)C(=CN2)CC3=CNC4=CC=CC=C43,0,1
64150,187.71,C10H18ClN,26,NULL,12,2,1,0,C1C2CC3CC1CC(C2)(C3)N.Cl,0,2
456201,531.4,C26H28Cl2N4O4,69.1,4.3,36,0,6,7,CC(=O)N1CCN(CC1)C2=CC=C(C=C2)OCC3COC(O3)(CN4C=CN=C4)C5=C(C=C(C=C5)Cl)Cl,0,1
71478,313.9,C20H24ClN,12,NULL,22,2,1,4,CNCCCC12CCC(C3=CC=CC=C31)C4=CC=CC=C24.Cl,0,2
9552079,505.4,C22H30Cl2N10,178,0.1,34,6,2,13,C1=CC(=CC=C1NC(=NC(=NCCCCCCN=C(N)N=C(N)NC2=CC=C(C=C2)Cl)N)N)Cl,0,1
22880,147.13,C5H9NO4,86.6,-3.4,10,3,5,4,CNC(CC(=O)O)C(=O)O,0,1
58258,363.4,C17H18FN3O3S,89.4,-0.3,25,1,8,2,CN1CCN(CC1)C2=C(C=C3C4=C2SCCN4C=C(C3=O)C(=O)O)F,0,1
2259,422.3,C22H14O9,169,4.3,31,5,9,5,C1=CC(=C(C=C1C(=C2C=CC(=O)C(=C2)C(=O)O)C3=CC(=C(C=C3)O)C(=O)O)C(=O)O)O,0,1
3519,246.09,C9H9Cl2N3O,81.5,2,15,2,1,2,C1=CC(=C(C(=C1)Cl)CC(=O)N=C(N)N)Cl,0,1
10649,527.6,C30H40Cl2N4,59.8,NULL,36,2,4,11,CC1=[N+](C2=CC=CC=C2C(=C1)N)CCCCCCCCCC[N+]3=C(C=C(C4=CC=CC=C43)N)C.[Cl-].[Cl-],0,3
62920,451,C22H27ClN2O4S,84.4,NULL,30,1,6,7,CC(=O)OC1C(SC2=CC=CC=C2N(C1=O)CCN(C)C)C3=CC=C(C=C3)OC.Cl,0,2
66062,407,C21H27ClN2S2,57.1,NULL,26,1,4,4,CN1CCCCC1CCN2C3=CC=CC=C3SC4=C2C=C(C=C4)SC.Cl,0,2
22576,311.8,C20H22ClN,3.2,NULL,22,1,1,3,CN(C)CCC=C1C2=CC=CC=C2C=CC3=CC=CC=C31.Cl,0,2
72276,290.27,C15H14O6,110,0.4,21,5,6,1,C1C(C(OC2=CC(=CC(=C21)O)O)C3=CC(=C(C=C3)O)O)O,0,1
192706,337.4,C20H23N3O2,44.8,2.3,25,1,4,3,CC12CCN(C1N(C3=C2C=C(C=C3)OC(=O)NC4=CC=CC=C4)C)C,0,1
4848,351.4,C19H21N5O2,68.8,0.1,26,1,5,2,CN1CCN(CC1)CC(=O)N2C3=CC=CC=C3C(=O)NC4=C2N=CC=C4,0,1
439280,220.22,C11H12N2O3,99.3,-1.2,16,4,4,3,C1=CC2=C(C=C1O)C(=CN2)CC(C(=O)O)N,0,1
5282443,278.4,C19H22N2,16.1,3.9,21,0,2,4,CC1=CC=C(C=C1)C(=CCN2CCCC2)C3=CC=CC=N3,0,1
68304,325.9,C18H28ClNO2,29.5,NULL,22,1,3,8,CCCCOC1=CC=C(C=C1)C(=O)CCN2CCCCC2.Cl,0,2
41114,516,C26H30ClN3O6,114,NULL,36,2,8,10,CC1=C(C(C(=C(N1)C)C(=O)OCCN(C)CC2=CC=CC=C2)C3=CC(=CC=C3)[N+](=O)[O-])C(=O)OC.Cl,0,2
95168,404.5,C25H24O5,76,5.9,30,2,5,3,CC(=CCC1=C2C(=C3C(=C1O)C(=O)C(=CO3)C4=CC=C(C=C4)O)C=CC(O2)(C)C)C,0,1
160436,212.67,C10H13ClN2O,62,NULL,14,4,2,2,C1=CC2=C(C=C1O)C(=CN2)CCN.Cl,0,2
5280934,278.4,C18H30O2,37.3,5.9,20,1,2,13,CCC=CCC=CCC=CCCCCCCCC(=O)O,0,1
5233,514.5,C22H34N4O10,152,2,36,0,12,15,CC(C)COC(=O)OCN1C(=O)CN(CC1=O)CCN2CC(=O)N(C(=O)C2)COC(=O)OCC(C)C,0,1
9305,432.98,C9H9I2NO3,83.6,-0.5,15,3,4,3,C1=C(C=C(C(=C1I)O)I)CC(C(=O)O)N,0,1
61100,234.28,C8H14N2O4S,121,NULL,15,4,6,3,C1=CC=C(C=C1)CCNN.OS(=O)(=O)O,0,2
644274,687.7,C31H23Cl7N2O,18,NULL,41,0,2,9,C1=CC(=CC=C1C(C2=CC=C(C=C2)Cl)N3C=C[N+](=C3)CC(C4=C(C=C(C=C4)Cl)Cl)OCC5=C(C=C(C=C5)Cl)Cl)Cl.[Cl-],0,2
3372,437.5,C22H26F3N3OS,55.2,4.4,30,1,8,6,C1CN(CCN1CCCN2C3=CC=CC=C3SC4=C2C=C(C=C4)C(F)(F)F)CCO,0,1
72146,253.32,C12H15NO3S,74,1.6,17,1,4,2,COC1=C(C=CC(=C1)C(=S)N2CCOCC2)O,0,1
1340,161.16,C9H7NO2,49.3,1,12,2,2,0,C1=CC2=C(C=CNC2=O)C(=C1)O,0,1
9064,290.27,C15H14O6,110,0.4,21,5,6,1,C1C(C(OC2=CC(=CC(=C21)O)O)C3=CC(=C(C=C3)O)O)O,0,1
903,218.25,C12H14N2O2,65.099,0.5,16,3,2,3,CC(=O)NCCC1=CNC2=C1C=C(C=C2)O,0,1
2562,333.5,C20H31NO3,38.8,3.8,24,0,4,11,CCN(CC)CCOCCOC(=O)C1(CCCC1)C2=CC=CC=C2,0,1
12901,317.3,C11H12NO4PS2,113,2.8,19,0,6,5,COP(=S)(OC)SCN1C(=O)C2=CC=CC=C2C1=O,0,1
6014,320.9,C17H21ClN2S,31.8,NULL,21,1,3,3,CC(CN1C2=CC=CC=C2SC3=CC=CC=C31)N(C)C.Cl,0,2
83823,461.5,C24H31NO8,145,NULL,33,4,9,11,CC1=CC=CC=C1C(C2=CC=CC=C2)OCCN(C)C.C(C(=O)O)C(CC(=O)O)(C(=O)O)O,0,2
5281787,284.31,C17H16O4,66.8,4.2,21,2,4,6,C1=CC=C(C=C1)CCOC(=O)C=CC2=CC(=C(C=C2)O)O,0,1
23205,262.3,C15H18O4,63.6,1.4,19,1,4,0,CC1CC2C(C(C3(C1C=CC3=O)C)O)C(=C)C(=O)O2,0,1
3870203,200.11,C6H4N2O6,132,0.7,14,2,6,0,C1=C(C=C(C(=C1[N+](=O)[O-])O)O)[N+](=O)[O-],0,1
1864,248.28,C13H16N2O3,74.4,1.2,18,3,3,4,CC(=O)NCCC1=CNC2=CC(=C(C=C21)OC)O,0,1
22420,279.1,C7H17Cl2N2O3P,42.6,NULL,15,2,5,5,C1CNP(=O)(OC1)N(CCCl)CCCl.O,0,2
1609,215.03,C9H4Cl2O2,26.3,3.1,13,0,2,0,C1=CC=C2C(=C1)C(=C(OC2=O)Cl)Cl,0,1
15432,391.42,C16H29N3O8,159,NULL,27,4,9,7,CCN(CC)C(=O)N1CCN(CC1)C.C(C(=O)O)C(CC(=O)O)(C(=O)O)O,0,2
148673,429.9,C21H20ClN3O3S,88.7,NULL,29,3,6,5,COC1=C(C=CC(=C1)NS(=O)(=O)C)NC2=C3C=CC=CC3=NC4=CC=CC=C42.Cl,0,2
6240,355.3,C17H20Cl2N2S,31.8,NULL,22,1,3,4,CN(C)CCCN1C2=CC=CC=C2SC3=C1C=C(C=C3)Cl.Cl,0,2
8743,183.12,C7H5NO5,104,-0.4,13,3,6,2,C1=C(NC(=CC1=O)C(=O)O)C(=O)O,0,1
14562,185.22,C12H11NO,46.2,2.4,14,2,2,1,C1=CC=C(C=C1)C2=CC(=C(C=C2)O)N,0,1
26964,293.7,C10H16ClN3O5,148,NULL,19,8,7,5,C1=CC(=C(C(=C1CNNC(=O)C(CO)N)O)O)O.Cl,0,2
39214,272.69,C9H13ClN6O2,114,0.4,18,2,6,4,CC1=NC=C(C(=N1)N)CNC(=O)N(CCCl)N=O,0,1
5887,320.9,C17H21ClN2S,31.8,NULL,21,1,3,4,CN(C)CCCN1C2=CC=CC=C2SC3=CC=CC=C31.Cl,0,2
9681,353.5,C21H27N3O2,57.5,2.3,26,2,3,4,CCC(CO)NC(=O)C1CN(C2CC3=CN(C4=CC=CC(=C34)C2=C1)C)C,0,1
98889,204.22,C11H12N2O2,43.8,0.5,15,1,3,1,CC1=C(C(=O)N(N1C)C2=CC=CC=C2)O,0,1
2396,412.5,C25H24N4O2,70.1,3.1,31,2,3,6,CN(C)CCCN1C=C(C2=CC=CC=C21)C3=C(C(=O)NC3=O)C4=CNC5=CC=CC=C54,0,1
71398,302.4,C18H22O4,80.9,4.3,22,4,4,5,CC(CC1=CC(=C(C=C1)O)O)C(C)CC2=CC(=C(C=C2)O)O,0,1
445580,328.5,C22H32O2,37.3,6.2,24,1,2,14,CCC=CCC=CCC=CCC=CCC=CCC=CCCC(=O)O,0,1
16960,319.24,C16H19BrN2,16.1,3.5,19,0,2,5,CN(C)CCC(C1=CC=C(C=C1)Br)C2=CC=CC=N2,0,1
5329098,238.28,C15H14N2O,44.9,2.5,18,2,1,1,CC1=CC(=C(N1)C=C2C3=CC=CC=C3NC2=O)C,0,1
3136,218.2,C12H10O4,52.6,1.9,16,0,4,2,COC1=C(C(=O)C2=CC=CC=C2C1=O)OC,0,1
3707,277.28,C16H11N3O2,81.2,3.2,21,3,3,1,C1=CC=C2C(=C1)C(=C(N2)O)C3=C(C4=CC=CC=C4N3)N=O,0,1
50088,403,C24H35ClN2O,15.7,NULL,28,1,3,10,CC(C)COCC(CN(CC1=CC=CC=C1)C2=CC=CC=C2)N3CCCC3.Cl,0,2
6918305,332.5,C22H36O2,37.3,5,24,1,2,1,CC(=O)C1CCC2C1(CCC3C2CCC4C3(CCC(C4)(C)O)C)C,0,1
5712,304.3,C19H16N2O2,51.2,3.1,23,1,3,4,C1=CC=C(C=C1)CN2C3=CC=CC=C3C(=N2)C4=CC=C(O4)CO,0,1
198015,387.8,C19H21ClF3NO2,38.3,NULL,26,2,6,8,CC(CC1=CC(=CC=C1)C(F)(F)F)NCCOC(=O)C2=CC=CC=C2.Cl,0,2
5280880,334.4,C20H30O4,74.6,3.6,24,2,4,12,CCCCCC(C=CC1C=CC(=O)C1CC=CCCCC(=O)O)O,0,1
2990,168.15,C7H8N2O3,73.1,1,12,2,5,1,CN(C1=C(C=CC(=C1)O)O)N=O,0,1
71405,424.3,C19H23Cl2N5O2,68.8,NULL,28,3,5,2,CN1CCN(CC1)CC(=O)N2C3=CC=CC=C3C(=O)NC4=C2N=CC=C4.Cl.Cl,0,3
449171,300.4,C20H28O2,37.3,6.3,22,1,2,5,CC1=C(C(CCC1)(C)C)C=CC(=CC=CC(=CC(=O)O)C)C,0,1
9367,277.21,C9H16N3O5P,132,NULL,18,5,7,3,CC(C)NNC(=O)C1=CC=NC=C1.OP(=O)(O)O,0,2
6076,329.21,C10H12N5O6P,155,-2.6,22,3,10,1,C1C2C(C(C(O2)N3C=NC4=C(N=CN=C43)N)O)OP(=O)(O1)O,0,1
5281073,469.5,C25H31N3O6,132,NULL,34,4,7,6,CCC(CO)NC(=O)C1CN(C2CC3=CN(C4=CC=CC(=C34)C2=C1)C)C.C(=CC(=O)O)C(=O)O,0,2
5353431,207.25,C10H9NO2S,66.3,1.4,14,0,3,2,CC1=CC=C(C=C1)S(=O)(=O)C=CC#N,0,1
4652,199.63,C9H10ClNO2,63.3,-0.5,13,2,3,3,C1=CC(=CC=C1CC(C(=O)O)N)Cl,0,1
5614,282.4,C18H22N2O,67.8,5,21,1,3,3,CC(C)(C)C1=CC(=CC(=C1O)C(C)(C)C)C=C(C#N)C#N,0,1
1826,191.18,C10H9NO3,73.3,1.1,14,3,3,2,C1=CC2=C(C=C1O)C(=CN2)CC(=O)O,0,1
5387,370.5,C19H22N4O2S,84.1,1.7,26,1,5,2,CC1=C2C(=CS1)C(=O)NC3=CC=CC=C3N2C(=O)CN4CCN(CC4)C,0,1
5353432,249.33,C13H15NO2S,66.3,2.7,17,0,3,3,CC(C)(C)C1=CC=C(C=C1)S(=O)(=O)C=CC#N,0,1
716312,183.18,C9H10FNO2,63.3,-1.9,13,2,4,3,C1=CC(=CC=C1CC(C(=O)O)N)F,0,1
1549098,153.16,C3H7NO4S,120,-4.2,9,3,6,3,C(C(C(=O)O)N)S(=O)O,0,1
2052,186.17,C10H6N2O2,88,1.3,14,2,4,1,C1=CC(=C(C=C1C=C(C#N)C#N)O)O,0,1
51082,517.4,C22H30Cl2N4O6,163,NULL,34,10,10,12,C1=CC(=C2C(=C1NCCNCCO)C(=O)C3=C(C=CC(=C3C2=O)O)O)NCCNCCO.Cl.Cl,0,3
40539,189.13,C5H7N3O5,122,-3.9,13,3,6,3,C(C(C(=O)O)N)N1C(=O)NC(=O)O1,0,1
70846,256.68,C15H9ClO2,34.1,3.5,18,0,2,1,C1=CC=C2C(=C1)C(=O)C(C2=O)C3=CC=C(C=C3)Cl,0,1
2071,221.21,C11H11NO4,101,-2,16,3,5,2,C1CC(C2=C1C=C(C=C2)C(=O)O)(C(=O)O)N,0,1
457193,1255.4,C62H86N12O16,356,3.8,90,5,18,8,CC1C(C(=O)NC(C(=O)N2CCCC2C(=O)N(CC(=O)N(C(C(=O)O1)C(C)C)C)C)C(C)C)NC(=O)C3=C4C(=C(C=C3)C)OC5=C(C(=O)C(=C(C5=N4)C(=O)NC6C(OC(=O)C(N(C(=O)CN(C(=O)C7CCCN7C(=O)C(NC6=O)C(C)C)C)C)C(C)C)C)N)C,0,1
5169,331.3,C20H14FN3O,61.8,3.7,25,2,4,3,C1=CC(=CC=C1C2=NC(=C(N2)C3=CC=NC=C3)C4=CC=C(C=C4)F)O,0,1
154494,240.68,C11H13ClN2O2,42.8,NULL,16,2,3,1,C1CN=C(N1)C2COC3=CC=CC=C3O2.Cl,0,2
5537,405.5,C24H27N3O3,54.4,3.9,30,0,4,3,CC1=CC(=C(C(=C1)C)N=C2C=C3C4=CC(=C(C=C4CCN3C(=O)N2C)OC)OC)C,0,1
135419190,316.5,C18H24N2OS,102,4.7,22,2,3,4,CC(C)(C)C1=CC(=CC(=C1O)C(C)(C)C)C=C(C#N)C(=S)N,0,1
4712,360.3,C20H13FN4O2,87.4,3.9,27,1,5,3,C1=CC(=CC=C1C2=NC(=C(N2)C3=CC=NC=C3)C4=CC=C(C=C4)F)[N+](=O)[O-],0,1
73484,238.33,C16H18N2,19,2.6,18,1,1,0,CC1=CC2C(CC3=CNC4=CC=CC2=C34)N(C1)C,0,1
417052,214.26,C13H14N2O,37.4,2.1,16,1,2,1,CC1=NCCC2=C1NC3=C2C=C(C=C3)OC,0,1
23675321,418.4,C16H15N2NaO6S2,169,NULL,27,1,8,7,CC(=O)OCC1=C(N2C(C(C2=O)NC(=O)CC3=CC=CS3)SC1)C(=O)[O-].[Na+],0,2
1967,326.4,C21H26O3,54.4,3.9,24,1,3,6,CC1=C(C(=O)C(=C(C1=O)C)CCCCC#CCCCC#CCO)C,0,1
4106,356.6,C20H24N2S2,57.1,4.2,24,0,4,2,CN1CCN(CC1)C2CC3=CC=CC=C3SC4=C2C=C(C=C4)SC,0,1
65790,297.37,C14H19NO4S,72.2,1.5,20,0,5,4,COC1=CC(=CC(=C1OC)OC)C(=S)N2CCOCC2,0,1
91499,564.1,C22H30ClN3O6S3,161,NULL,35,2,10,7,CN1CCN(CC1)CCCN2C3=CC=CC=C3SC4=C2C=C(C=C4)Cl.C(CS(=O)(=O)O)S(=O)(=O)O,0,2
1245,198.17,C9H10O5,87,-0.2,14,3,5,3,COC1=C(C=CC(=C1)C(C(=O)O)O)O,0,1
5353800,172.19,C6H12N4O2,65.3,0.2,12,0,2,0,CN(C)C(=O)N=NC(=O)N(C)C,0,1
5730,389.4,C23H23N3O3,81.7,3.7,29,3,4,5,CC1=C(C=C(C=C1)NC(=O)C2=CC(=CC=C2)N(C)C)NC(=O)C3=CC=C(C=C3)O,0,1
2061,202.17,C10H6N2O3,108,0.9,15,3,5,1,C1=C(C=C(C(=C1O)O)O)C=C(C#N)C#N,0,1
3392731,502.8,C29H46N2O3S,94.9,8,35,2,4,12,CC(C)(C(=O)O)SC1=CC=C(C=C1)CCN(CCCCC2CCCCC2)C(=O)NC3CCCCC3,0,1
7573,226.32,C15H18N2,24.1,4,17,2,2,4,CC(C)NC1=CC=C(C=C1)NC2=CC=CC=C2,0,1
4615193,322.25,C11H19N2O7P,156,-2.7,21,4,9,7,CC(C)(C)C1=C(C(=NO1)OCP(=O)(O)O)CC(C(=O)O)N,0,1
5328779,294.3,C17H14N2O3,93.4,2.4,22,3,4,4,C1=CC=C(C=C1)CNC(=O)C(=CC2=CC(=C(C=C2)O)O)C#N,0,1
2723891,183.59,C5H10ClNO4,101,NULL,11,4,5,4,C(CC(=O)O)C(C(=O)O)N.Cl,0,2
264891,437.4,C20H27N3O8,174,NULL,31,4,11,11,CCN(CC)CCC1=NC(=NO1)C2=CC=CC=C2.C(C(=O)O)C(CC(=O)O)(C(=O)O)O,0,2
54562,219.33,C13H21N3,31.9,2.3,16,1,2,2,CCCN1CCCC2C1CC3=C(C2)NN=C3,0,1
448949,356.17,C16H10BrN3O2,81.2,3.9,22,3,3,1,C1=CC=C2C(=C1)C(=C(N2)C3=C(NC4=C3C=CC(=C4)Br)O)N=O,0,1
5911,318.2,C12H19IN2,3.2,NULL,15,0,2,1,C[N+]1(CCN(CC1)C2=CC=CC=C2)C.[I-],0,2
4210951,359.72,C16H10ClN3O5,124,2.8,25,3,6,3,C1=CC=C(C(=C1)C2=C(C(=O)NC2=O)NC3=CC(=C(C=C3)O)Cl)[N+](=O)[O-],0,1
5283389,361.5,C22H35NO3,66.4,5.6,26,2,3,16,CCCCCC=CCC=CCC=CCC=CCCCC(=O)NCC(=O)O,0,1
5328807,268.23,C13H8N4O3,158,0.2,20,4,7,2,C1=C(C=C(C(=C1O)O)O)C=C(C#N)C(=C(C#N)C#N)N,0,1
176406,367.9,C23H26ClNO,20.3,NULL,26,1,2,7,CC(C)N(CCC(=O)C1=CC2=CC=CC=C2C=C1)CC3=CC=CC=C3.Cl,0,2
2690,285.69,C13H8ClN5O,82.2,2.5,20,1,5,1,C1=COC(=C1)C2=NN3C(=N2)C4=C(C=CC(=C4)Cl)N=C3N,0,1
172306,592.1,C30H30ClN5O4S,125,NULL,41,2,8,7,COC1=CC=CC2=C1C3CN(CC3CO2)CCCCN4C(=O)C5=C(C6=NC(=CN=C6S5)C7=CC=CC=C7)NC4=O.Cl,0,2
1794,311.77,C12H18ClN7O,137,1.3,21,3,5,2,C1CCCN(CC1)C2=NC(=C(N=C2Cl)C(=O)N=C(N)N)N,0,1
6239,472.9,C23H32Cl3N3O,37.4,NULL,30,3,4,9,CCN(CC)CCCC(C)NC1=C2C=C(C=CC2=NC3=C1C=CC(=C3)Cl)OC.Cl.Cl,0,3
10695961,477.5,C16H16N5NaO7S2,230,NULL,31,2,12,8,CC(=O)OCC1=C(N2C(C(C2=O)NC(=O)C(=NOC)C3=CSC(=N3)N)SC1)C(=O)[O-].[Na+],0,2
1697,329.4,C20H15N3O2,70.2,3.8,25,3,4,4,C1=CC=C(C=C1)NC2=C(C=C3C(=C2)C(=O)NC3=O)NC4=CC=CC=C4,0,1
443372,211.26,C11H17NO3,72.7,-0.6,15,4,4,4,CC(C)NCC(C1=CC(=C(C=C1)O)O)O,0,1
2733514,191.25,C6H13N3O2S,134,-3.7,12,4,4,5,C(CC(C(=O)O)N)CNC(=S)N,0,1
5312137,371.5,C19H21N3O3S,90.6,2.1,26,2,4,3,CN(C)S(=O)(=O)C1=CC2=C(C=C1)NC(=O)C2=CC3=CC4=C(N3)CCCC4,0,1
5924208,520.94,C15H8Br2INO2,49.3,4.6,21,2,2,1,C1=CC2=C(C=C1I)C(=CC3=CC(=C(C(=C3)Br)O)Br)C(=O)N2,0,1
121930,349.4,C19H22F3N3,32.5,4,25,1,6,4,C1CN(CCN1CCC2=CC=C(C=C2)N)C3=CC=CC(=C3)C(F)(F)F,0,1
3006531,380.5,C18H16N6S2,202,2,26,4,8,5,C1=CC=C(C(=C1)N)SC(=C(C#N)C(=C(N)SC2=CC=CC=C2N)C#N)N,0,1
4239764,395.28,C17H22IN3,50.4,3.6,21,2,1,3,C1C2CC3CC1CC(C2)C3N=C(N)NC4=CC=C(C=C4)I,0,1
1730,357.16,C7H5ClHgO2,37.3,NULL,11,1,2,1,C1=CC(=CC=C1C(=O)O)[Hg]Cl,0,1
9601084,445.5,C26H27N3O4,94.4,3.5,33,3,6,4,C=CCN1CCC23C4C(=NNC(=O)C5=CC=CC=C5)CCC2(C1CC6=C3C(=C(C=C6)O)O4)O,0,1
5218788,213.23,C12H11N3O,57.8,3,16,1,4,2,CC1=NC(=C(C=C1)O)N=NC2=CC=CC=C2,0,1
5480230,661.8,C40H43N3O6,122,3.2,49,5,8,4,C1CC1CN2CCC34C5C6=C(CC3(C2CC7=C4C(=C(C=C7)O)O5)O)C8=C(N6)C9C12CCN(C(C1(C8)O)CC1=C2C(=C(C=C1)O)O9)CC1CC1,0,1
119565,222.31,C8H18N2O3S,113,-0.6,14,3,5,7,CCCCS(=N)(=O)CCC(C(=O)O)N,0,1
1550234,366.4,C22H22O5,76,4.3,27,2,5,4,COC1=C(C=CC(=C1)C=C2CCCC(=CC3=CC(=C(C=C3)O)OC)C2=O)O,0,1
449241,446.4,C20H20BrN3O2S,79.5,3.5,27,2,5,8,C1=CC2=C(C=CN=C2)C(=C1)S(=O)(=O)NCCNCC=CC3=CC=C(C=C3)Br,0,1
11497466,534,C29H32ClN5O3,83.7,NULL,38,2,7,6,CC1=C(C=CC(=C1)C2=NOC(=N2)C)C3=CC=C(C=C3)C(=O)NC4=CC(=C(C=C4)OC)N5CCN(CC5)C.Cl,0,2
11538542,398.4,C21H22N2O6,102,3.1,29,0,7,7,CCOC(=O)C1=C(N(C(=C(C1C2=CC(=CC=C2)[N+](=O)[O-])C(=O)OC)C)CC#C)C,0,1
5697,428.5,C21H28N6O4,134,2.7,31,3,6,10,CCCN1C2=C(C(=O)N(C1=O)CCC)NC(=N2)C3=CC=C(C=C3)OCC(=O)NCCN,0,1
3033832,598.1,C32H36ClNO8,145,NULL,42,4,9,14,CCN(CC)CCOC1=CC=C(C=C1)C(=C(C2=CC=CC=C2)Cl)C3=CC=CC=C3.C(C(=O)O)C(CC(=O)O)(C(=O)O)O,0,2
448042,247.34,C14H21N3O,68,0.9,18,2,3,3,CC(C1CCC(CC1)C(=O)NC2=CC=NC=C2)N,0,1
262093,310.4,C14H14O4S2,125,1.5,20,2,6,6,C1=CC=C2C(=C1)C(=O)C(=C(C2=O)SCCO)SCCO,0,1
1330,392.4,C17H20N4O5S,132,3.1,27,2,6,6,CCCN1C2=C(C(=O)N(C1=O)CCC)NC(=N2)C3=CC=C(C=C3)S(=O)(=O)O,0,1
5328769,308.3,C18H16N2O3,93.4,2.7,23,3,4,4,CC(C1=CC=CC=C1)NC(=O)C(=CC2=CC(=C(C=C2)O)O)C#N,0,1
99625,331.8,C18H18ClNO3,55.4,3.8,23,1,3,8,C1=CC=C(C=C1)CC(C(=O)CCl)NC(=O)OCC2=CC=CC=C2,0,1
1871,175.14,C9H5NO3,55.7,0.8,13,0,4,0,C1=CC2=C(C=CC(=O)O2)C=C1N=O,0,1
4053,305.2,C13H18Cl2N2O2,66.6,-0.5,19,2,4,8,C1=CC(=CC=C1CC(C(=O)O)N)N(CCCl)CCCl,0,1
6603697,101.1,C4H7NO2,63.3,-3.2,7,2,3,2,C(C=CC(=O)O)N,0,1
5328760,297.26,C16H11NO5,122,2.2,22,4,6,3,C1=CC(=C(C=C1C=C(C#N)C(=O)C2=CC(=C(C=C2)O)O)O)O,0,1
5328771,280.28,C16H12N2O3,93.4,2.7,21,3,4,3,C1=CC=C(C=C1)NC(=O)C(=CC2=CC(=C(C=C2)O)O)C#N,0,1
11957552,386.7,C16H17BrClNO3,72.7,NULL,22,5,4,1,C1CNCC(C2=CC(=C(C(=C21)Cl)O)O)C3=CC=C(C=C3)O.Br,0,2
6603792,370.4,C23H22N4O,66,4.6,28,1,4,4,C1CCC(C1)N2C=C(C3=C(N=CN=C32)N)C4=CC=C(C=C4)OC5=CC=CC=C5,0,1
3585,414.5,C24H34N2O4+2,58.9,1,30,2,4,3,C[N+]1(CCOC(C1)(C2=CC=C(C=C2)C3=CC=C(C=C3)C4(C[N+](CCO4)(C)C)O)O)C,2,1
2366465,200.2,C5H4N4OS2,129,-0.7,12,4,3,0,C12=C(NC(=S)N1)NC(=S)NC2=O,0,1
5353685,437.18,C17H12INO5,111,3.2,24,3,6,4,COC1=C(C(=CC(=C1)C=C(C#N)C(=O)C2=CC(=C(C=C2)O)O)I)O,0,1
107681,592.8,C28H53N2O7PS,138,8.2,39,1,8,28,CCCCCCCCCCCCCCCCCCNC(=O)OCC(COP(=O)([O-])OCC[N+]1=CSC=C1)OC,0,1
517348,164.3,C5H12N2S2,37.3,NULL,9,1,2,0,C1CCN(C1)C(=S)[S-].[NH4+],0,2
824226,340.4,C20H16N6,109,3,26,4,4,2,C1=CC(=CC=C1C2=NC3=C(N2)C=C(C=C3)C4=NC5=C(N4)C=C(C=C5)N)N,0,1
11957685,398.7,C18H21BrClNO2,43.7,NULL,23,3,3,1,CC1=CC(=CC=C1)C2CN(CCC3=C(C(=C(C=C23)O)O)Cl)C.Br,0,2
5328773,308.3,C18H16N2O3,93.4,2.6,23,3,4,5,C1=CC=C(C=C1)CCNC(=O)C(=CC2=CC(=C(C=C2)O)O)C#N,0,1
6091659,397.5,C19H15N3O3S2,163,3.6,27,2,7,6,COC1=CC(=CC(=C1O)CSC2=NC3=CC=CC=C3S2)C=C(C#N)C(=O)N,0,1
23702,335.42,C14H25NO6S,136,NULL,22,5,7,5,CCC(C(C1=CC(=C(C=C1)O)O)O)NC(C)C.CS(=O)(=O)O,0,2
10042240,329.8,C17H16ClN3O2,69.2,NULL,23,2,5,1,CC1=NN=C(C2=CC3=C(C=C2C1)OCO3)C4=CC=C(C=C4)N.Cl,0,2
3122,225.18,C7H16NO5P,121,-3.6,14,4,6,7,C(CCC(C(=O)O)N)CCP(=O)(O)O,0,1
719408,235.3,C10H9N3S2,97.3,2.4,15,2,3,2,C1=CC=C(C=C1)NC(=S)NC2=NC=CS2,0,1
3035523,206.27,C10H10N2OS,67.6,1,14,2,2,2,C1=CC(=CC=C1CN2C=CNC2=S)O,0,1
107794,213.19,C9H11NO5,124,-2.5,15,5,6,3,C1=C(C(=CC(=C1O)O)O)CC(C(=O)O)N,0,1
5328770,322.4,C19H18N2O3,93.4,3.2,24,3,4,6,C1=CC=C(C=C1)CCCNC(=O)C(=CC2=CC(=C(C=C2)O)O)C#N,0,1
6442840,530.4,C23H29Cl2N3O7,128,NULL,35,2,8,7,COC(=O)N1CCN(C(C1)CN2CCCC2)C(=O)CC3=CC(=C(C=C3)Cl)Cl.C(=CC(=O)O)C(=O)O,0,2
443120,466.5,C18H22N6O7S,216,-1.8,32,5,11,14,C1=CC(=CC=C1C(=O)CSCC(C(=O)NCC(=O)O)NC(=O)CCC(C(=O)O)N)N=[N+]=[N-],0,1
446849,320.4,C22H24O2,40.5,5.1,24,2,2,2,CCC1CC2=C(C=CC(=C2)O)C3=C1C4=C(CC3CC)C=C(C=C4)O,0,1
6450842,264.32,C17H16N2O,32.299,3,20,1,2,2,CN(C)C1=CC=C(C=C1)C=C2C3=CC=CC=C3NC2=O,0,1
11957526,260.13,C10H14BrNO2,66.5,NULL,14,4,3,0,C1CC2=CC(=C(C=C2CC1N)O)O.Br,0,2
3450,510.8,C30H60N3O3+3,27.7,5.3,36,0,3,21,CC[N+](CC)(CC)CCOC1=C(C(=CC=C1)OCC[N+](CC)(CC)CC)OCC[N+](CC)(CC)CC,3,1
11957617,276.29,C14H16N2O4,99,NULL,20,3,5,3,CC1=CC=CC=C1C=CC2=NCCN2.C(=O)(C(=O)O)O,0,2
3542,291.37,C14H17N3O2S,70.7,1,20,1,5,2,CC1CNCCN1S(=O)(=O)C2=CC=CC3=C2C=CN=C3,0,1
4138,211.21,C10H13NO4,104,-1.9,15,4,5,3,CC(CC1=CC(=C(C=C1)O)O)(C(=O)O)N,0,1
818567,221.3,C6H7NO2S3,135,1.7,12,1,6,3,CCOC(=O)C1=C(SSC1=S)N,0,1
11957689,348.3,C15H14BrN3S,53.3,NULL,20,1,2,2,CN=C1N=C(N(S1)C2=CC=CC=C2)C3=CC=CC=C3.Br,0,2
2757789,210.68,C9H7ClN2S,47.4,2.1,13,1,1,1,C1=CC=C(C(=C1)N2C=CNC2=S)Cl,0,1
730614,296.12,C12H10BrNO3,51.5,3.2,17,1,3,3,COC1=CC=C(C=C1)NC(=O)C2=CC=C(O2)Br,0,1
2733517,145.11,C5H7NO4,86.6,-3.1,10,3,5,2,C1C(NC1C(=O)O)C(=O)O,0,1
9951033,365.9,C20H28ClNO3,75.7,NULL,25,4,4,2,C1C2CC3CC1CC(C2)(C3)C4CC5=C(C=CC(=C5O)O)C(O4)CN.Cl,0,2
6850813,255.35,C17H21NO,21.3,3.7,19,1,2,6,CC1=CC=CC=C1OC(CCNC)C2=CC=CC=C2,0,1
3857,169.07,C3H8NO5P,121,-5.2,10,4,6,3,C(C(C(=O)O)N)P(=O)(O)O,0,1
9859122,206.63,C6H11ClN4O2,49.6,NULL,13,2,5,1,C1COCCN1[N+]2=CC(=N)O[N-]2.Cl,0,2
173870,350.2,C17H20BrNO2,43.7,NULL,21,3,3,1,CN1CCC2=CC(=C(C=C2C(C1)C3=CC=CC=C3)O)O.Br,0,2
72721,258.23,C14H10O5,87,1.2,19,3,5,0,CC1=C2C=C(C(=O)C=C2OC3=CC(=C(C=C13)O)O)O,0,1
104766,173.17,C7H11NO4,101,-3.2,12,3,5,2,C1CC(CC1C(=O)O)(C(=O)O)N,0,1
11957703,376.3,C19H22BrNO2,43.7,NULL,23,3,3,3,C=CCN1CCC2=CC(=C(C=C2C(C1)C3=CC=CC=C3)O)O.Br,0,2
6604769,145.11,C5H7NO4,86.6,-3.1,10,3,5,2,C1C(NC1C(=O)O)C(=O)O,0,1
5311211,316.4,C20H28O3,54.4,5,23,1,3,11,CCCCCC=CC=C1C(C=CC1=O)CC=CCCCC(=O)O,0,1
6105572,256.68,C14H9ClN2O,42,3.4,18,1,3,1,C1=CC=C(C=C1)C2=CC(=O)C3=C(N2)N=C(C=C3)Cl,0,1
122634,616.8,C36H56O8,130,6.5,44,3,8,17,CCCCCCCCCCCCCC(=O)OC1C(C2(C(C=C(CC3(C2C=C(C3=O)C)O)CO)C4C1(C4(C)C)OC(=O)C)O)C,0,1
1316,191.29,C12H19N2+,3.2,1.6,14,0,1,1,C[N+]1(CCN(CC1)C2=CC=CC=C2)C,1,1
1607,168.15,C7H8N2O3,73.1,1,12,2,5,1,CN(C1=CC(=C(C=C1)O)O)N=O,0,1
10008573,590.6,C24H29F3N4O8S,195,NULL,40,5,13,11,CN1C=C(N=C1C2=CC=C(C=C2)OCC(CNCCOC3=CC(=C(C=C3)O)C(=O)N)O)C(F)(F)F.CS(=O)(=O)O,0,2
3856780,231.16,C10H5N3O4,134,1.3,17,2,6,1,C1=C(C=C(C(=C1[N+](=O)[O-])O)O)C=C(C#N)C#N,0,1
5328772,308.3,C18H16N2O3,93.4,2.7,23,3,4,4,CC(C1=CC=CC=C1)NC(=O)C(=CC2=CC(=C(C=C2)O)O)C#N,0,1
5329255,448.4,C23H20N4O6,187,1.8,33,6,8,8,C1=CC(=C(C=C1C=C(C#N)C(=O)NCCCNC(=O)C(=CC2=CC(=C(C=C2)O)O)C#N)O)O,0,1
6160690,377.5,C23H27N3O2,57.4,3.2,28,2,3,8,CN(C)CCC1=CNC2=C1C=C(C=C2)C=CC(=O)NCC3=CC=C(C=C3)OC,0,1
5311501,426.5,C27H26N2O3,43.7,4.4,32,0,4,4,CC1=C(C2=C3N1C(COC3=CC=C2)CN4CCOCC4)C(=O)C5=CC=CC6=CC=CC=C65,0,1
1218,289.75,C16H16ClNO2,52.5,2.7,20,3,3,1,C1CNCC(C2=CC(=C(C(=C21)Cl)O)O)C3=CC=CC=C3,0,1
128355,370.4,C23H18N2O3,71.4,5.3,28,2,5,6,C1=CC=C2C(=C1)C=CC(=N2)COC3=CC=CC(=C3)NC4=CC=CC=C4C(=O)O,0,1
5329275,304.3,C18H12N2O3,97.1,3,23,3,4,3,C1=CC=C2C(=C1)C(=CN2)C=C(C#N)C(=O)C3=CC(=C(C=C3)O)O,0,1
11957479,223.63,C8H11ClFNO3,86.7,NULL,14,5,5,2,C1=C(C(=CC(=C1O)O)F)C(CN)O.Cl,0,2
5282273,375.6,C24H41NO2,49.3,6.4,27,2,2,18,CCCCCC=CCC=CCC=CCC=CCCCCCC(=O)NCCO,0,1
9547783,239.24,C15H10FNO,29.1,3.3,18,1,3,1,C1=CC=C(C=C1)C2=CC(=O)C3=C(N2)C=CC(=C3)F,0,1
657346,287.14,C8H18INO2,18.5,NULL,12,0,3,2,CC1OCC(O1)C[N+](C)(C)C.[I-],0,2
275,176.17,C5H12N4O3,137,-4.8,12,4,5,5,C(CON=C(N)N)C(C(=O)O)N,0,1
72241,550.8,C28H59N2O6P,96.9,7,37,1,6,27,CCCCCCCCCCCCCCCCCC(=O)NCC(COP(=O)([O-])OCC[N+](C)(C)C)OCC,0,1
698766,296.4,C11H12N4O2S2,144,1.7,19,2,7,5,COC1=CC=C(C=C1)NC(=O)CSC2=NN=C(S2)N,0,1
5280483,450.7,C31H46O2,34.1,10.9,33,0,2,14,CC1=C(C(=O)C2=CC=CC=C2C1=O)CC=C(C)CCCC(C)CCCC(C)CCCC(C)C,0,1
4605800,452.5,C24H25FN4O2S,68,3.1,32,1,6,4,C1CC2=C3C(=CC=C2)N(S(=O)(=O)N3C1)CCN4CCC(=CC4)C5=CNC6=C5C=CC(=C6)F,0,1
1365,376.4,C16H16N4O5S,121,0.6,26,1,6,4,CN1C2=C(N=C1C3=CC=C(C=C3)S(=O)(=O)O)N(C(=O)N(C2=O)CC=C)C,0,1
11957663,173.17,C7H11NO4,86.6,-2.8,12,3,5,2,C1CC(C(NC1)C(=O)O)C(=O)O,0,1
3003565,428.4,C23H24O8,109,1.2,31,0,8,4,CC(=O)OC1CC2(C(CCC2=O)C3=C1C4(C(OC(=O)C5=COC(=C54)C3=O)COC)C)C,0,1
6603748,243.29,C12H9N3OS,86.6,2.2,17,1,4,2,C1CN=C(N1)C2=CC3=C(O2)C=CC(=C3)SC#N,0,1
445227,348.24,C12H13FN2O9,171,0.3,24,3,10,3,C1=CC(=C(C=C1[N+](=O)[O-])[N+](=O)[O-])OC2C(C(C(C(O2)CO)O)O)F,0,1
11957476,320.4,C15H16N2O4S,127,NULL,22,3,6,3,CC1=C(C2=CC=CC=C2S1)CC3=NCCN3.C(=O)(C(=O)O)O,0,2
135403797,220.18,C11H8O5,98,2.1,16,4,5,0,C1=CC2=CC(=C(C(=C2C(=O)C(=C1)O)O)O)O,0,1
2154,440.4,C19H20N8O5,219,-2,32,6,12,9,C1=CC(=CC=C1C(=O)NC(CCC(=O)O)C(=O)O)NCC2=CN=C3C(=N2)C(=NC(=N3)N)N,0,1
703638,244.31,C13H12N2OS,76.4,1.8,17,3,2,2,C1=CC=C(C=C1)NC(=S)NC2=CC=C(C=C2)O,0,1
4779,335.29,C16H18NO5P,121,-1.8,23,4,6,6,C1=CC=C(C(=C1)CP(=O)(O)O)C2=CC=CC(=C2)CC(C(=O)O)N,0,1
256661,247.29,C16H13N3,37,3.5,19,2,3,1,C1=CC2=C3C(=C1)NC(NC3=CC=C2)C4=CN=CC=C4,0,1
11957514,183.2,C9H13NO3,86.7,-0.8,13,4,4,2,CC(C(C1=CC(=C(C=C1)O)O)O)N,0,1
2215,267.32,C17H17NO2,43.7,2.3,20,2,3,0,CN1CCC2=C3C1CC4=C(C3=CC=C2)C(=C(C=C4)O)O,0,1
5315615,360.3,C18H16O8,145,2.4,26,5,8,7,C1=CC(=C(C=C1CC(C(=O)O)OC(=O)C=CC2=CC(=C(C=C2)O)O)O)O,0,1
3101682,159.25,C7H13NOS,53.4,1.7,10,1,2,0,CC1CC(NC(=S)O1)(C)C,0,1
204966,225.1,C7H15BrNO2+,26.3,1,11,0,2,5,C[N+](C)(C)CCOC(=O)CBr,1,1
6852374,333.29,C13H19NO9,188,NULL,23,8,10,6,CNCC(C1=CC(=C(C=C1)O)O)O.C(C(C(=O)O)O)(C(=O)O)O,0,2
1734,324.4,C21H26NO2+,26.3,4,24,0,2,5,C[N+]1(CCC(CC1)OC(=O)C(C2=CC=CC=C2)C3=CC=CC=C3)C,1,1
11957611,335.22,C13H22INO,35.2,NULL,16,2,2,4,CC1=C(C(=CC=C1)C)OCC(C(C)C)N.I,0,2
646406,243.3,C15H17NO2,49.3,3.2,18,2,3,1,CC1=C(C2=C(C=C1)C3C=CCC3C(N2)C(=O)O)C,0,1
128018,375.5,C23H25N3O2,65.5,3.6,28,2,4,7,CN(C)CCCC1=C(C=CC(=C1)C(=O)NC2=CC=C(C=C2)C3=CC=NC=C3)O,0,1
833990,305.4,C20H19NO2,41.5,3.7,23,2,3,6,C1=CC=C(C=C1)COC2=CC=CC=C2CNC3=CC=C(C=C3)O,0,1
719449,345.4,C16H15N3O4S,123,2.9,24,1,7,5,CCOC(=O)C1=NN(C(=O)C2=C(SC=C21)N)C3=CC=C(C=C3)OC,0,1
253,244.31,C10H16N2O3S,104,0.3,16,3,4,5,C1C2C(C(S1)CCCCC(=O)O)NC(=O)N2,0,1
11957571,361.34,C15H23NO9,188,NULL,25,8,10,7,CC(C)NCC(C1=CC(=C(C=C1)O)O)O.C(C(C(=O)O)O)(C(=O)O)O,0,2
5311346,249.3,C14H19NO3,41.9,2,18,1,4,2,CCCN1CCOC2C1COC3=C2C=C(C=C3)O,0,1
40958,367.8,C15H14ClN3O4S,138,-1.8,24,3,6,4,C1C(=C(N2C(S1)C(C2=O)NC(=O)C(C3=CC=CC=C3)N)C(=O)O)Cl,0,1
5702010,303.8,C17H18ClNO2,43.7,NULL,21,3,3,0,CN1CCC2=C3C1CC4=C(C3=CC=C2)C(=C(C=C4)O)O.Cl,0,2
239844,266.27,C16H11FN2O,45,4.2,20,1,4,2,C1=CC=C2C(=C1)C=CC(=C2N=NC3=CC=C(C=C3)F)O,0,1
5314968,317.68,C15H8ClNO5,92.4,3.8,22,1,5,1,C1=CC=C(C(=C1)C2=CC(=O)C3=C(O2)C=CC(=C3O)[N+](=O)[O-])Cl,0,1
712926,306.34,C14H14N2O4S,111,1.2,21,2,5,4,CC1=CC=C(O1)C=CC(=O)NC2=CC=C(C=C2)S(=O)(=O)N,0,1
6852399,321.8,C17H20ClNO3,44.7,NULL,22,4,4,0,CN1CCC2=C3C1CC4=C(C3=CC=C2)C(=C(C=C4)O)O.O.Cl,0,3
843088,310.14,C13H12BrNO3,51.5,3.1,18,1,3,4,COC1=CC=C(C=C1)CNC(=O)C2=CC=C(O2)Br,0,1
9777579,454.5,C16H16N5O7S2-,230,-0.7,30,2,12,7,CC(=O)OCC1=C(N2C(C(C2=O)NC(=O)C(=NOC)C3=CSC(=N3)N)SC1)C(=O)[O-],-1,1
11957695,328.23,C13H14BrNO2S,80.7,NULL,18,4,4,1,C1C(C2=C(CN1)SC=C2)C3=CC(=C(C=C3)O)O.Br,0,2
9928898,361.5,C22H35NO3,73.6,4.1,26,3,4,14,CCCCCC=CCC(C=CC1=CC=CC(=N1)CC(CCCCO)O)O,0,1
1004085,420.5,C23H20N2O4S,112,5.3,30,1,7,6,COC1=CC=C(C=C1)C2=NC3=C(C=C2)C(=C(S3)C(=O)C4=CC(=C(C=C4)OC)OC)N,0,1
1294017,379.4,C19H20F3N3O2,44.8,3.6,27,1,6,3,COC1=CC=C(C=C1)N2CCN(CC2)C(=O)NC3=CC=CC(=C3)C(F)(F)F,0,1
2200341,383.9,C22H22ClNO3,50.7,5.5,27,2,4,8,CCOC1=CC=CC(=C1OCC2=CC=CC=C2Cl)CNC3=CC=C(C=C3)O,0,1
4999481,341.4,C22H19N3O,58,4.7,26,2,4,4,CC1=NC2=C(C=C1)C=CC(=C2O)C(C3=CC=CC=C3)NC4=CC=CC=N4,0,1
5314946,333.68,C15H8ClNO6,113,4,23,2,6,1,C1=CC=C(C(=C1)C2=CC(=O)C3=C(O2)C(=C(C=C3O)O)[N+](=O)[O-])Cl,0,1
5314962,351.58,C15H8BrClO3,46.5,4.7,20,1,3,1,C1=CC=C(C(=C1)C2=CC(=O)C3=C(C=CC(=C3O2)Br)O)Cl,0,1
5314969,287.7,C15H10ClNO3,72.6,3.3,20,2,4,1,C1=CC=C(C(=C1)C2=CC(=O)C3=C(C=CC(=C3O2)N)O)Cl,0,1
6096216,287.7,C15H10ClNO3,72.6,3.3,20,2,4,1,C1=CC=C(C(=C1)C2=CC(=O)C3=C(O2)C=CC(=C3O)N)Cl,0,1
9547773,413.5,C25H23N3O3,70.7,4.1,31,2,5,5,CN(C)C1=CC=C(C=C1)C(=O)NC2=CC3=C(C=C2)NC(=CC3=O)C4=CC(=CC=C4)OC,0,1
10404739,336.32,C10H16N4O7S,214,-4.8,22,5,10,10,C(CC(=O)NC(CSN=O)C(=O)NCC(=O)O)C(C(=O)O)N,0,1
12005071,387.5,C24H25N3O2,48.3,4.9,29,1,4,8,CC1=CC=C(C=C1)OCCN2C3=CC=CC=C3N=C2CNC4=CC=C(C=C4)OC,0,1
15988816,307.4,C20H25N3,29.8,4.6,23,1,2,5,CCC1=CC=C(C=C1)CNC2=CC3=C(C=C2)N(C=N3)C(C)(C)C,0,1
16012863,495,C20H19ClN4O5S2,143,2.6,32,1,8,7,CCN(C1=CC=CC=C1)S(=O)(=O)C2=CC=C(C=C2)NC(=O)C3=NC(=NC=C3Cl)S(=O)(=O)C,0,1
848257,310.14,C13H12BrNO3,51.5,3.1,18,1,3,4,COC1=CC=CC=C1CNC(=O)C2=CC=C(O2)Br,0,1
135494311,336.4,C20H20N2O3,73.4,2.9,25,2,3,0,CC(=C1C(=O)C2C3C(CC4=C5C3=CNC5=CC=C4)C(N2C1=O)(C)C)O,0,1
655278,268.28,C16H13FN2O,45.2,3.6,20,2,4,3,C1=CC=C(C(=C1)NCC2=C3C=CC=NC3=C(C=C2)O)F,0,1
16746587,293.8,C17H24ClNO,23.5,NULL,20,2,2,2,CC1C2CC3=C(C1(CCN2CC=C)C)C=C(C=C3)O.Cl,0,2
9550693,434.5,C25H30N4O3,66.9,4,32,1,6,6,CCN1CCN(CC1)C2=NC3=C(C=C(C=C3)NC(=O)C4=CC(=C(C=C4)OC)OC)C(=C2)C,0,1
16027762,253.26,C14H11N3O2,68,1.8,19,1,4,3,C1=CC2=C(N=C1)N(C=N2)CC3=CC=C(C=C3)C(=O)O,0,1
10098248,522.6,C27H34N6O5,132,3.1,38,2,9,8,CC(C)(C)NC(=O)C1CN(CCN1C(=O)OCC2=CC=CC=C2)C3=NC4=CC(=C(C=C4C(=N3)N)OC)OC,0,1
602897,323.2,C10H8Cl2N2O2S2,93.8,4.1,18,0,6,3,COC1=CC(=C(C=C1N=C2C(=NSS2)Cl)OC)Cl,0,1
954365,335.4,C20H17NO4,79.5,3.3,25,2,4,6,C1=CC=C(C=C1)C2=CC=C(N2C3=CC=C(C=C3)C(=O)O)CCC(=O)O,0,1
1042531,370.2,C19H16BrNO2,33.4,4.8,23,0,2,5,C1=CC=C(C=C1)CN(CC2=CC=CC=C2)C(=O)C3=CC=C(O3)Br,0,1
3340026,345.3,C19H14F3NO2,42.2,4.6,25,1,5,4,C1=CC=C(C=C1)CNC(=O)C2=CC=C(O2)C3=CC=CC=C3C(F)(F)F,0,1
4276699,284.08,C11H7BrFNO2,42.2,3.3,16,1,3,2,C1=CC(=CC(=C1)F)NC(=O)C2=CC=C(O2)Br,0,1
5314955,301.16,C11H9BrO3S,60.8,2.9,16,0,4,2,COC1=C2C(=O)C=C(OC2=C(C=C1)Br)SC,0,1
6093697,344.18,C12H10BrNO4S,84.8,3.1,19,1,4,3,CC1=CC=C(C=C1)S(=O)(=O)NC(=O)C2=CC=C(O2)Br,0,1
6096218,512.7,C21H12Cl3NO6S,121,6,32,3,7,4,C1=CC=C(C(=C1)C2=CC(=O)C3=C(C=CC(=C3O2)NS(=O)(=O)C4=C(C(=CC(=C4)Cl)Cl)O)O)Cl,0,1
9547763,386.4,C24H22N2O3,66.6,4.6,29,1,5,6,COC1=CC=C(C=C1)COC2=CC(=NC3=C2C=C(C=C3)N)C4=CC(=CC=C4)OC,0,1
9547769,491.5,C30H25N3O4,82.6,5,37,1,6,8,COC1=CC=C(C=C1)COC2=CC(=NC3=C2C=C(C=C3)NC(=O)C4=CN=CC=C4)C5=CC(=CC=C5)OC,0,1
9547772,404.8,C23H17ClN2O3,67.4,4.6,29,2,4,4,COC1=CC=CC(=C1)C2=CC(=O)C3=C(N2)C=CC(=C3)NC(=O)C4=CC=C(C=C4)Cl,0,1
9547807,239.24,C15H10FNO,29.1,3.3,18,1,3,1,C1=CC=C2C(=C1)C(=O)C=C(N2)C3=CC(=CC=C3)F,0,1
9547812,253.27,C16H12FNO,29.1,3.7,19,1,3,1,CC1=CC2=C(C=C1)NC(=CC2=O)C3=CC(=CC=C3)F,0,1
650512,246.27,C12H14N4O2,79.9,1.9,18,2,4,4,CC1=C(C(=CC=C1)C)OCC(=O)NC2=NC=NN2,0,1
717857,321.13,C13H9BrN2O3,61.3,3.6,19,0,5,3,COC1=CC=CC=C1C2=NC(=NO2)C3=CC=C(O3)Br,0,1
894140,333.4,C21H19NO3,59.3,3.5,25,1,3,6,CC(=O)C1=CC(=CC=C1)N2C(=CC=C2C3=CC=CC=C3)CCC(=O)O,0,1
893928,339.4,C19H17NO3S,87.5,3.2,24,1,4,6,CC(=O)C1=CC=C(C=C1)N2C(=CC=C2C3=CC=CS3)CCC(=O)O,0,1
1260057,357.4,C23H23N3O,39.1,4.9,27,1,3,7,CC1=CC=C(C=C1)NCC2=NC3=CC=CC=C3N2CCOC4=CC=CC=C4,0,1
1820529,444.6,C20H16N2O4S3,150,4.9,29,2,8,6,COC1=CC=C(C=C1)S(=O)(=O)NC2=CC(=C(C=C2)O)SC3=NC4=CC=CC=C4S3,0,1
3265247,478,C23H20ClN7OS,115,4.2,33,1,6,7,CC1=CN=CN1CCC2=NN3C(=N2)C4=CC=CC=C4N=C3SCC(=O)NC5=CC(=CC=C5)Cl,0,1
3553766,352.4,C19H16N2O3S,88.7,3.8,25,1,5,4,COC1=CC=C(C=C1)C(=O)NC2=NC3=C(S2)CC4=C3C=CC(=C4)OC,0,1
4303657,411.5,C22H25N3O3S,103,4.8,29,1,6,9,CC1=C(C=C(C=C1)NC(=O)CSC2=NN=C(O2)CCCC3=CC=C(C=C3)OC)C,0,1
5291322,355.3,C21H13N3O3,103,3.6,27,2,5,4,C1=CC=C(C(=C1)C2=CC=C(O2)C=C(C#N)C3=NC4=CC=CC=C4N3)C(=O)O,0,1
3834960,650.7,C32H22N6O6S2-2,233,5.6,46,2,12,5,C1=CC=C2C(=C1)C(=CC(=C2N)N=NC3=CC=C(C=C3)C4=CC=C(C=C4)N=NC5=C(C6=CC=CC=C6C(=C5)S(=O)(=O)[O-])N)S(=O)(=O)[O-],-2,1
9951825,380.5,C18H16N6S2,202,2,26,4,8,5,C1=CC=C(C(=C1)N)SC(=C(C#N)C(=C(N)SC2=CC=CC=C2N)C#N)N,0,1
10452020,374.3,C19H20BrNO2,43.7,4.3,23,2,3,3,C=CCN1CCC2=C(C(=C(C=C2C(C1)C3=CC=CC=C3)O)O)Br,0,1
330500,367.4,C19H17N3O3S,120,3.9,26,3,6,4,CC1=CC(=CC=C1)NC2=C(C(=O)NC(S2)C3=CC(=C(C=C3)O)OC)C#N,0,1
626461,310.4,C20H22O3,35.5,4.7,23,0,3,3,CC(C)(C)C1=CC2=C(C=C1)OC(=O)CC2C3=CC=C(C=C3)OC,0,1
1287647,393.3,C17H17BrN2O2S,91.6,3.1,23,1,3,3,C1CN(CCC1C(=O)N)C(=S)C2=CC=C(O2)C3=CC=C(C=C3)Br,0,1
1552993,325.4,C12H11N3O4S2,155,1.5,21,3,6,3,C1=COC(=C1)C(=O)NC(=S)NC2=CC=C(C=C2)S(=O)(=O)N,0,1
2083613,363.4,C22H21NO4,68.5,4,27,1,4,7,CC1=CC=C(C=C1)C2=CC=C(N2C3=CC=C(C=C3)C(=O)OC)CCC(=O)O,0,1
2137364,487.5,C26H18FN3O4S,127,5.1,35,2,8,6,C1C2=CC=CC=C2OC3=C1C(=NC(=N3)C4=CC=C(C=C4)F)SCC(=O)NC5=CC=CC(=C5)C(=O)O,0,1
3590106,386.5,C20H22N2O4S,124,3.7,27,3,5,6,C1CCC2=C(CC1)SC(=C2C(=O)NC3=CC=CC=C3)NC(=O)CCC(=O)O,0,1
3676837,423.5,C23H21NO5S,105,5.2,30,2,6,5,CC1=C(C2=C(O1)C3=CC=CC=C3C(=C2)NS(=O)(=O)C4=CC=C(C=C4)C(C)C)C(=O)O,0,1
4256434,406.5,C21H18N4OS2,121,5.5,28,1,6,5,CC1=CC=C(C=C1)C2=NC(=NS2)NC(=O)CSC3=NC4=CC=CC=C4C(=C3)C,0,1
4293409,412.3,C17H18BrNO4S,80.8,3,24,1,4,7,CCOC1=CC=C(C=C1)NC(=O)CCS(=O)(=O)C2=CC=C(C=C2)Br,0,1
5322407,476.5,C26H24N2O5S,113,4.4,34,3,7,6,COC1=CC=C(C=C1)NS(=O)(=O)C2=CC3=C(C=C2)NC(C4C3C=CC4)C5=CC=C(C=C5)C(=O)O,0,1
5358385,422.3,C19H18O11,197,-0.4,30,8,11,2,C1=C2C(=CC(=C1O)O)OC3=C(C2=O)C(=C(C(=C3)O)C4C(C(C(C(O4)CO)O)O)O)O,0,1
7411867,376.5,C22H20N2O2S,61,4.2,27,0,4,2,C1CN(CCN1C2=CC=CC=C2)C(=O)C3=CC4=C(S3)C5=CC=CC=C5OC4,0,1
16009119,440.5,C22H24N4O4S,114,2.4,31,1,7,5,CC1=CC=C(C=C1)C2=NN=C(O2)C3CCN(CC3)S(=O)(=O)C4=CC=C(C=C4)NC(=O)C,0,1
16012865,480.9,C19H17ClN4O5S2,143,2.3,31,1,8,6,CN(C1=CC=CC=C1)S(=O)(=O)C2=CC=C(C=C2)NC(=O)C3=NC(=NC=C3Cl)S(=O)(=O)C,0,1
16012896,495,C20H19ClN4O5S2,143,2.6,32,1,8,7,CCS(=O)(=O)C1=NC=C(C(=N1)C(=O)NC2=CC=C(C=C2)S(=O)(=O)N(C)C3=CC=CC=C3)Cl,0,1
16014206,459.9,C21H18ClN3O5S,124,3.3,31,1,7,8,CCOC(=O)C1=CC=C(C=C1)NC(=O)C2=NC(=NC=C2Cl)S(=O)(=O)CC3=CC=CC=C3,0,1
16014337,437.9,C17H16ClN5O3S2,151,3,28,1,8,6,CCC1=NN=C(S1)NC(=O)C2=NC(=NC=C2Cl)S(=O)(=O)CC3=CC=C(C=C3)C,0,1
16014339,452,C18H18ClN5O3S2,151,3.4,29,1,8,7,CCCC1=NN=C(S1)NC(=O)C2=NC(=NC=C2Cl)S(=O)(=O)CC3=CC=C(C=C3)C,0,1
16014341,452,C18H18ClN5O3S2,151,3.4,29,1,8,6,CC1=CC=C(C=C1)CS(=O)(=O)C2=NC=C(C(=N2)C(=O)NC3=NN=C(S3)C(C)C)Cl,0,1
16014365,437.9,C17H16ClN5O3S2,151,3,28,1,8,6,CC(C)C1=NN=C(S1)NC(=O)C2=NC(=NC=C2Cl)S(=O)(=O)CC3=CC=CC=C3,0,1
16014490,445.9,C21H20ClN3O4S,107,3.8,30,1,6,7,CCOC1=CC=CC=C1NC(=O)C2=NC(=NC=C2Cl)S(=O)(=O)CC3=CC=CC(=C3)C,0,1
16014492,437.9,C17H16ClN5O3S2,151,3,28,1,8,6,CCC1=NN=C(S1)NC(=O)C2=NC(=NC=C2Cl)S(=O)(=O)CC3=CC=CC(=C3)C,0,1
16017390,378.4,C15H14N4O4S2,142,2.3,25,1,8,5,CC1=CC=CC=C1N(C)S(=O)(=O)C2=NN=C(S2)NC(=O)C3=CC=CO3,0,1
16017556,400.9,C15H17ClN4O3S2,129,2.8,25,1,7,4,C1CCCN(CC1)S(=O)(=O)C2=NN=C(S2)NC(=O)C3=CC=CC=C3Cl,0,1
16017558,445.4,C15H17BrN4O3S2,129,2.9,25,1,7,4,C1CCCN(CC1)S(=O)(=O)C2=NN=C(S2)NC(=O)C3=CC(=CC=C3)Br,0,1
16017586,445.4,C15H17BrN4O3S2,129,2.9,25,1,7,4,C1CCCN(CC1)S(=O)(=O)C2=NN=C(S2)NC(=O)C3=CC=C(C=C3)Br,0,1
16018967,516.6,C27H24N4O5S,152,3.5,37,3,9,7,CC1=NC=C(C2=C1OC3=C(C2)C(=NC(=N3)C4=CC=C(C=C4)OC)SCC(=O)NC5=CC(=CC=C5)O)CO,0,1
16034332,523.7,C28H37N5O3S,104,3.8,37,1,7,10,CCCCN(C)CCNC(=O)C1=CC(=NC2=C1C=C(C=C2)S(=O)(=O)N3CCC(CC3)C)C4=CN=CC=C4,0,1
16066636,209.28,C12H19NO2,40.5,1.1,15,1,2,2,C=CCC1CCCC(=O)N2C1C(CC2)O,0,1
135401484,339.3,C18H17N3O4,91.2,0.7,25,2,5,3,C1CC(OC1)CN2C(=C(C(=O)NC2=O)C=C3C=NC4=CC=CC=C43)O,0,1
135616976,407.5,C24H29N3O3,74.2,2.8,30,2,4,9,CC1=C(C(NC(=NCCCCO)N1CC2=CC=CC=C2)C3=CC=CC=C3)C(=O)OC,0,1
135616983,381.4,C19H22F3N3O2,53.9,3.4,27,1,6,6,CCN1C(=C(C(NC1=NCC=C)C2=CC(=CC=C2)C(F)(F)F)C(=O)OC)C,0,1
135693561,391.5,C24H29N3O2,53.9,4.1,29,1,3,7,CC1=C(C(NC(=NCC(C)C)N1CC2=CC=CC=C2)C3=CC=CC=C3)C(=O)OC,0,1
135693562,386.5,C21H30N4O3,66.4,1.3,28,1,5,7,CCN1C(=C(C(NC1=NCCN2CCOCC2)C3=CC=CC=C3)C(=O)OC)C,0,1
135693568,386.5,C22H34N4O2,57.2,2.8,28,1,4,10,CCN1C(=C(C(NC1=NCCCN(CC)CC)C2=CC=CC=C2)C(=O)OC)C,0,1
135693571,313.4,C18H23N3O2,53.9,2.5,23,1,3,6,CCN1C(=C(C(NC1=NCC=C)C2=CC=CC=C2)C(=O)OC)C,0,1
135693572,440.5,C27H28N4O2,66.8,3.7,33,1,4,8,CC1=C(C(NC(=NCCC2=CN=CC=C2)N1CC3=CC=CC=C3)C4=CC=CC=C4)C(=O)OC,0,1
135693575,347.4,C19H26FN3O2,53.9,3.1,25,1,4,6,CCN1C(=C(C(NC1=NCC(C)C)C2=CC(=CC=C2)F)C(=O)OC)C,0,1
3838,721.8,C38H35N5O6S2,147,5.6,51,0,10,10,CN(C(CC1=CC=C(C=C1)OS(=O)(=O)C2=CC=CC3=C2C=CN=C3)C(=O)N4CCN(CC4)C5=CC=CC=C5)S(=O)(=O)C6=CC=CC7=C6C=CN=C7,0,1
11957503,544.7,C18H18ClIN6O4,134,1.9,30,4,8,5,CNC(=O)C1C(C(C(O1)N2C=NC3=C(N=C(N=C32)Cl)NCC4=CC=C(C=C4)I)O)O,0,1
194216,347.4,C16H17N3O4S,138,0.6,24,3,6,4,CC1=C(N2C(C(C2=O)NC(=O)C(C3=CC=CC=C3)N)SC1)C(=O)O,0,1
12006122,367.4,C17H22FN3O3S,74.2,1.7,25,1,7,6,CS(=O)(=O)NCC(C1=CC=CO1)N2CCN(CC2)C3=CC=C(C=C3)F,0,1
15945478,437.6,C24H27N3O3S,102,4.8,31,2,5,8,COC1=CC=C(C=C1)C2=C(N=C(N2)C3=CC=C(C=C3)OC)SCC(=O)NC4CCCC4,0,1
15945556,437.6,C24H27N3O3S,102,4.8,31,2,5,8,COC1=CC=C(C=C1)C2=C(N=C(N2)C3=CC(=CC=C3)OC)SCC(=O)NC4CCCC4,0,1
16019295,336.4,C18H16N4OS,93.1,2.6,24,1,5,5,CC1=CC=CC=C1NC(=O)CSC2=NN=C(C=C2)C3=CC=CC=N3,0,1
16029699,397.5,C17H23N3O4S2,106,2.6,26,0,6,4,CC1=CC=C(C=C1)S(=O)(=O)N2C(=C(C(=N2)C)S(=O)(=O)N3CCCCC3)C,0,1
833976,323.4,C20H18FNO2,41.5,4.6,24,2,4,6,C1=CC=C(C(=C1)CNC2=CC=C(C=C2)O)OCC3=CC=CC=C3F,0,1
5460033,300.05,Cl2H6N2Pt,2,NULL,5,2,2,0,N.N.Cl[Pt]Cl,0,3
6506573,254.67,C10H11ClN4O2,74,1.8,17,1,5,2,C1CN(C(=C[N+](=O)[O-])N1)CC2=CN=C(C=C2)Cl,0,1
16189457,334.4,C17H22N2O5,84.9,1.4,24,1,6,7,CCN1CCOC(=O)C1CC(=O)NC2=CC=C(C=C2)C(=O)OCC,0,1
10047903,423.3,C20H26INO,9.2,NULL,23,0,2,6,CC(COC1=CC=C(C=C1)C=CC2=CC=CC=C2)[N+](C)(C)C.[I-],0,2
3276862,294.4,C18H22N4,33.1,3.3,22,1,3,5,CCN1C=NC2=C1C=CC(=C2)NCC3=CC=C(C=C3)N(C)C,0,1
6604724,369.3,C19H26Cl2N2O,23.6,4.4,24,0,2,4,CN(C1CCCCC1N2CCCC2)C(=O)CC3=CC(=C(C=C3)Cl)Cl,0,1
1216259,396.2,C20H14BrNO3,59.4,4.7,25,1,4,2,CC1=CC2=C(C=C1)OCC3=C2N=CC(=C3)C(=O)C4=C(C=CC(=C4)Br)O,0,1
4410429,319.4,C19H17N3O2,51.7,4.8,24,1,4,4,CC1=CC=CC2=NC(=C(N12)NC3=CC=C(C=C3)OC)C4=CC=CO4,0,1
16020398,359.4,C21H17N3O3,68,5.1,27,2,5,3,CC1=CC2=NC(=C(N2C=C1)NC3=CC4=C(C=C3)OCO4)C5=CC=C(C=C5)O,0,1
2963467,361.4,C21H19N3O3,79.5,2.9,27,3,4,4,COC1=CC=C(C=C1)NC(=O)CC2C(=O)NC3=CC=CC4=C3C(=CC=C4)N2,0,1
4137774,358.4,C21H18N4O2,60.7,4.7,27,1,5,3,CC1=CC=C(C=C1)C2=C(N3C=CC=NC3=N2)NC4=CC5=C(C=C4)OCCO5,0,1
3718599,426.5,C23H26N2O4S,79.2,3.7,30,0,5,5,CC1=C(OC2=CC=CC=C12)C(=O)N(CC3=CC=C(C=C3)N(C)C)C4CCS(=O)(=O)C4,0,1
9550532,494.7,C29H42N4O3,57.3,4.4,36,1,5,11,CCCN1CCCC2=C1C=CC(=C2)CN(CCCN3CCOCC3)C(=O)NC4=CC=C(C=C4)OCC,0,1
3236544,384.5,C22H29FN4O,38.8,3.7,28,1,5,7,CCN(CC)C1=CC=C(C=C1)NC(=O)CN2CCN(CC2)C3=CC=CC=C3F,0,1
9550215,495,C23H31ClN4O4S,90.6,3.2,33,1,7,9,CCN(CC)C1=CC=C(C=C1)NC(=O)CN2CCN(CC2)S(=O)(=O)C3=C(C=CC(=C3)Cl)OC,0,1
9550252,436.5,C22H20N4O4S,114,3.5,31,1,7,6,CC1=CC=C(C=C1)NC(=O)CN(C2=CC=C(C=C2)C)S(=O)(=O)C3=CC=CC4=NON=C43,0,1
135416477,480,C25H26ClN5O3,98.1,5.4,34,2,6,6,CC1=CC(=C(C=C1)NC(=O)C2=C(NC3=NC(=NN3C2C4=CC=C(C=C4)Cl)C(=O)OC(C)C)C)C,0,1
16011036,269.29,C16H15NO3,44.4,3.3,20,0,3,4,CC1=CC(=CC=C1)CN2C3=C(C=C2C(=O)OC)OC=C3,0,1
7338255,399.5,C24H25N5O,54.7,5.1,30,1,5,4,CC1=C(C(=CC=C1)C)NC2=C(N=C3N2C=CC=N3)C4=CC=C(C=C4)N5CCOCC5,0,1
16029083,468.6,C24H28N4O4S,102,3.6,33,1,8,7,COC1=CC(=C(C=C1)S(=O)(=O)NC2=CC=CC(=C2)C3=NN=C(C=C3)N4CCCCCC4)OC,0,1
3538866,514.9,C20H14ClF3N4O5S,133,2.6,34,3,9,4,CC1=CC=C(C=C1)N2C3=C(C(=O)NC2=O)C(C(=O)N3)(C(F)(F)F)NS(=O)(=O)C4=CC=C(C=C4)Cl,0,1
16012802,434.6,C27H34N2O3,54.7,4.7,32,1,4,12,CCCCN(C)CC(CN1C=C(C2=CC=CC=C21)C=CC(=O)C3=CC=C(C=C3)OCC)O,0,1
16013007,409.5,C19H23NO5S2,110,2.5,27,0,6,7,CC1=C(SC=C1)CN(C2CCS(=O)(=O)C2)C(=O)COC3=CC=C(C=C3)OC,0,1
2873634,425.4,C23H25BrN2O,25.9,NULL,27,0,2,4,CC1=CC=C(C=C1)C(=O)C[N+]2=C3CCCCCN3C(=C2)C4=CC=CC=C4.[Br-],0,2
135409384,241.25,C9H15N5O3,132,-1.9,17,6,6,2,CC(C(C1CNC2=C(N1)C(=O)NC(=N2)N)O)O,0,1
16017550,366.5,C15H18N4O3S2,129,2.2,24,1,7,4,C1CCCN(CC1)S(=O)(=O)C2=NN=C(S2)NC(=O)C3=CC=CC=C3,0,1
16017588,318.4,C11H18N4O3S2,129,1,20,1,7,4,CCC(=O)NC1=NN=C(S1)S(=O)(=O)N2CCCCCC2,0,1
2053010,363.5,C17H17NO4S2,107,4.2,24,0,6,5,CC1=CC=C(C=C1)S(=O)(=O)C2=C(OC(=N2)C3=CC=CO3)SC(C)C,0,1
16017554,380.5,C16H20N4O3S2,129,2.6,25,1,7,4,CC1=CC=C(C=C1)C(=O)NC2=NN=C(S2)S(=O)(=O)N3CCCCCC3,0,1
16017562,380.5,C16H20N4O3S2,129,2.6,25,1,7,4,CC1=CC=CC=C1C(=O)NC2=NN=C(S2)S(=O)(=O)N3CCCCCC3,0,1
16017564,384.5,C15H17FN4O3S2,129,2.3,25,1,8,4,C1CCCN(CC1)S(=O)(=O)C2=NN=C(S2)NC(=O)C3=CC=CC=C3F,0,1
16017582,396.5,C16H20N4O4S2,138,2.2,26,1,8,5,COC1=CC=CC=C1C(=O)NC2=NN=C(S2)S(=O)(=O)N3CCCCCC3,0,1
16019302,339.4,C14H17N3O3S2,129,1.4,22,2,6,6,CN(C)C1=CC=C(C=C1)CNS(=O)(=O)C2=CSC(=C2)C(=O)N,0,1
12006193,355.5,C18H17N3OS2,108,3.7,24,1,5,5,CC1=CC(=CC(=C1)NC(=O)CSC2=NN=C(C=C2)C3=CC=CS3)C,0,1
16016899,499.6,C29H29N3O5,84.2,5,37,1,6,7,COC1=C(C=C(C=C1)CC(=O)NC2=C(OC3=CC=CC=C32)C(=O)N4CCN(CC4)C5=CC=CC=C5)OC,0,1
16017294,430.9,C16H19ClN4O4S2,138,2.9,27,1,8,6,C1CCCN(CC1)S(=O)(=O)C2=NN=C(S2)NC(=O)COC3=CC=C(C=C3)Cl,0,1
16017295,410.5,C17H22N4O4S2,138,2.7,27,1,8,6,CC(C(=O)NC1=NN=C(S1)S(=O)(=O)N2CCCCCC2)OC3=CC=CC=C3,0,1
16017335,368.4,C14H16N4O4S2,138,1.5,24,1,8,6,C1CCN(C1)S(=O)(=O)C2=NN=C(S2)NC(=O)COC3=CC=CC=C3,0,1
16017410,406.5,C17H15FN4O3S2,129,3,27,1,8,5,CC1=CC=CC=C1N(C)S(=O)(=O)C2=NN=C(S2)NC(=O)C3=CC=CC=C3F,0,1
16017472,378.4,C15H14N4O4S2,142,2.3,25,1,8,5,CC1=CC=C(C=C1)N(C)S(=O)(=O)C2=NN=C(S2)NC(=O)C3=CC=CO3,0,1
16017529,380.5,C16H20N4O3S2,138,3.2,25,2,7,5,CC1=CC(=CC=C1)NS(=O)(=O)C2=NN=C(S2)NC(=O)C3CCCCC3,0,1
16017563,426.5,C17H22N4O5S2,147,2.2,28,1,9,6,CC1CCN(CC1)S(=O)(=O)C2=NN=C(S2)NC(=O)C3=CC(=C(C=C3)OC)OC,0,1
16017628,430.9,C16H19ClN4O4S2,138,2.9,27,1,8,6,C1CCCN(CC1)S(=O)(=O)C2=NN=C(S2)NC(=O)COC3=CC=CC=C3Cl,0,1
16019145,438.5,C24H26N2O4S,82.2,3.5,31,0,6,6,CC1=CC(=CC=C1)S(=O)CC2=CC=C(O2)C(=O)N3CCN(CC3)C4=CC=C(C=C4)OC,0,1
16024782,454.6,C24H27FN4O2S,65.099,4.3,32,0,7,4,C1CCN(CC1)S(=O)(=O)C2=CC3=C(C=C2)N=C(C=C3)N4CCN(CC4)C5=CC=CC=C5F,0,1
16025034,346.4,C17H18N2O4S,93.7,2.8,24,1,6,6,CCC1=C(C=C(C=C1)C2=CC(=NO2)C)S(=O)(=O)NCC3=CC=CO3,0,1
16025720,375.5,C24H29N3O,28.5,4.5,28,0,2,2,CC1=CC(=C(C=C1)C)N2CCN(CC2)C(=O)C3=CC4=C(C=C3)N(C(=C4C)C)C,0,1
16025738,375.5,C24H29N3O,28.5,4.6,28,0,2,2,CC1CN(CCN1C2=CC=CC(=C2)C)C(=O)C3=CC4=C(C=C3)N(C(=C4C)C)C,0,1
16025782,389.5,C25H31N3O,28.5,4.8,29,0,2,3,CCN1C(=C(C2=C1C=CC(=C2)C(=O)N3CCN(CC3)C4=CC=CC(=C4C)C)C)C,0,1
16029078,426.5,C22H23FN4O2S,83.6,3.8,30,1,7,5,C1CCCN(CC1)C2=NN=C(C=C2)C3=CC(=CC=C3)NS(=O)(=O)C4=CC=CC(=C4)F,0,1
2649814,464.5,C24H24N4O4S,118,3.9,33,1,8,6,CC1=C(SC2=NC(=NC(=C12)OC3=CC=C(C=C3)NC(=O)C4=CC=CO4)CN5CCOCC5)C,0,1
3241141,430.5,C22H27FN4O4,83.1,1.9,31,2,7,8,COC1=C(C=C(C=C1)NC(=O)CN2CCN(CC2)CC(=O)NC3=CC=CC=C3F)OC,0,1
3242332,430.5,C22H27FN4O4,83.1,1.9,31,2,7,8,COC1=CC(=C(C=C1)NC(=O)CN2CCN(CC2)CC(=O)NC3=CC=CC=C3F)OC,0,1
3242943,414.5,C22H27FN4O3,73.9,2.3,30,2,6,7,CC1=CC(=C(C=C1)OC)NC(=O)CN2CCN(CC2)CC(=O)NC3=CC=CC=C3F,0,1
5122423,494.4,C20H20BrN3O5S,119,3.9,30,2,7,7,CC1=CC(=CC(=C1OCC(=O)NC2=CC=C(C=C2)S(=O)(=O)NC3=NOC(=C3)C)C)Br,0,1
11957269,465.5,C24H23N3O5S,117,3.1,33,2,7,7,CCC1=CC=C(C=C1)NS(=O)(=O)C2=CC3=C(C=C2)NC=C(C3=O)C(=O)N(C)CC4=CC=CO4,0,1
12004953,369.4,C18H23N7O2,113,2.1,27,3,6,8,CCCCNC(=O)CCC(=O)NNC1=NC2=CC=CC=C2C3=NC(=NN31)C,0,1
12006189,400.9,C21H21ClN2O2S,59.8,3.9,27,0,3,5,C1COCCN1C(=O)CN2C=C(C3=CC=CC=C32)SCC4=CC(=CC=C4)Cl,0,1
15945489,422.6,C24H30N4OS,85.1,5.3,30,1,4,7,CCC(C(=O)NC1CCCCC1)N2C3=C(C=CN=C3)N=C2SCC4=CC=CC(=C4)C,0,1
15945519,460.6,C26H25FN4OS,85.1,4.9,33,1,5,7,C1CCC(C1)NC(=O)C2=CC=C(C=C2)CSC3=NC4=C(N3CC5=CC=C(C=C5)F)C=NC=C4,0,1
15990150,470.9,C24H27ClN4O4,82.2,3.2,33,1,5,6,CCOC(=O)C1CCN(CC1)C2=CC3=C(C=C2NC(=O)C4=CC=CC=C4Cl)N(C(=O)N3C)C,0,1
15990731,460.5,C23H28N2O6S,110,2.2,32,1,6,8,CCC(=O)N1C(CC2=C1C=CC(=C2)S(=O)(=O)CCC(=O)NC3=C(C=C(C=C3)OC)OC)C,0,1
15990832,412.9,C20H21ClN6O2,115,3.4,29,3,5,6,CC1=CC(=CC(=C1)NC(=O)CN2C(=C(N=N2)C(=O)NCC3=CC=CC=C3Cl)N)C,0,1
15991377,457.4,C19H18F3N3O5S,113,2.8,31,2,9,7,COC1=CC=C(C=C1)S(=O)(=O)NC2(C(=O)N(C(=O)N2)CCC3=CC=CC=C3)C(F)(F)F,0,1
15991471,517.5,C21H22F3N3O7S,132,2.7,35,2,11,9,COC1=CC=C(C=C1)S(=O)(=O)NC2(C(=O)N(C(=O)N2)CCC3=CC(=C(C=C3)OC)OC)C(F)(F)F,0,1
16007960,430.9,C22H23ClN2O3S,91.4,3.9,29,1,5,8,CC1=CC=C(C=C1)CCNC(=O)CS(=O)CC2=C(OC(=N2)C3=CC=CC=C3Cl)C,0,1
16008078,556.6,C30H25FN4O4S,99.3,3.7,40,0,7,4,C1CN(CCN1C2=CC=CC=N2)C(=O)C3=CC4=C(C=C3)S(=O)(=O)C5=CC=CC=C5C(=O)N4CC6=CC=C(C=C6)F,0,1
16008727,488.5,C25H28N8O3,117,2.6,36,2,8,7,CC1=NN2C(=N1)C3=CC=CC=C3N=C2NNC(=O)CCC(=O)N4CCN(CC4)C5=CC=C(C=C5)OC,0,1
16008796,452.5,C24H24N2O5S,123,4.3,32,2,7,7,COC1=CC(=C(C=C1)NC(=O)C2=CC3=C(C=C2)C(=C4CCCCC4=N3)SCC(=O)O)OC,0,1
16010347,521.6,C28H31N3O5S,125,3.8,37,2,7,6,CC(C1=CC=CC=C1)NC(=O)C2CCN(CC2)S(=O)(=O)C3=CC4=C(C=C3)N=C5CCCCC5=C4C(=O)O,0,1
16011015,420.5,C24H25FN4O2,66.7,4.4,31,1,4,7,CCC1=NN(C(=O)C2=CC3=C(N21)C=CC(=C3)F)CC(=O)NC(C)CCC4=CC=CC=C4,0,1
16011553,370.5,C21H26N2O2S,66.9,4.2,26,1,4,6,CCN1CCSC2=C1C=C(C=C2)C(=O)NCC3=CC=C(C=C3)OC(C)C,0,1
16014567,477.6,C26H27N3O4S,78.5,3.7,34,0,6,5,COC1=CC=C(C=C1)N2CCN(CC2)C(=O)C3=CC4=C(C=C3)N(CC4)S(=O)(=O)C5=CC=CC=C5,0,1
16019227,462.6,C25H26N4O3S,114,3.4,33,1,7,5,CC1=NC=C(C2=C1OC3=C(C2)C(=NC(=N3)C4=CC=CC=C4)SCC(=O)N5CCCCC5)CO,0,1
16023927,461.5,C26H27N3O5,88.2,4.1,34,1,6,9,CN(C)CCN(CC1=CC=CO1)C(=O)C2=C(C3=CC=CC=C3O2)NC(=O)C4=CC=CC=C4OC,0,1
16024818,492.6,C27H32N4O3S,82.2,4.4,35,0,7,5,CC1CCN(CC1)S(=O)(=O)C2=CC3=C(C=C2)N=C(C=C3)N4CCN(CC4)C5=CC=C(C=C5)C(=O)C,0,1
16031810,453.6,C25H35N5O3,77.2,2.7,33,2,6,10,CCN(CC)C1=CC=C(C=C1)NC(=O)CN2CCN(CC2)CC(=O)NC3=CC=CC=C3OC,0,1
54692791,484.5,C28H24N2O6,99.5,4.3,36,2,7,5,CC1=C(C(=O)N(N1C)C2=CC=CC=C2)C(C3=CC(=C(C=C3)O)OC)C4=C(C5=CC=CC=C5OC4=O)O,0,1
169373,349.4,C16H19N3O4S,138,0.4,24,3,6,4,CC1=C(N2C(C(C2=O)NC(=O)C(C3=CCC=CC3)N)SC1)C(=O)O,0,1
833994,305.4,C20H19NO2,41.5,4.5,23,2,3,6,C1=CC=C(C=C1)COC2=CC=C(C=C2)CNC3=CC=C(C=C3)O,0,1
778235,321.4,C20H19NO3,62.5,3.8,24,2,3,5,CC1=CC=C(C=C1)C2=CC=C(N2C3=CC(=CC=C3)O)CCC(=O)O,0,1
961105,289.29,C14H15N3O4,93.3,1.8,21,2,5,6,CCOC(=O)C1=C(N=CN1)C(=O)NC2=CC(=CC=C2)OC,0,1
6603983,300.4,C20H28O2,37.3,6.3,22,1,2,5,CC1=C(C(CCC1)(C)C)C=CC(=CC=CC(=CC(=O)O)C)C,0,1
4136409,259.329,C14H13NO2S,75.5,3.1,18,1,4,4,CC1=CC(=CC=C1)CSC2=C(C=CC=N2)C(=O)O,0,1
9550626,378.4,C18H22N2O5S,127,4.3,26,1,7,8,CCOC(=O)C1=C(SC(=C1C)C(=O)C)NC(=O)C2=NOC(=C2)CC(C)C,0,1
9551035,397.4,C20H19N3O4S,126,4.6,28,1,7,6,CCC1=C(SC(=C1C#N)NC(=O)C2=NOC(=C2)C3=CC(=C(C=C3)OC)OC)C,0,1
9551187,372.4,C22H20N4O2,60.7,5.2,28,1,5,3,CC1=CC(=NC2=NC(=C(N12)NC3=CC4=C(C=C3)OCCO4)C5=CC=CC=C5)C,0,1
16759996,611.7,C35H41N5O5,118,3.3,45,3,6,5,CC(C)C1(C(=O)N2C(C(=O)N3CCCC3C2(O1)O)CC4=CC=CC=C4)NC(=O)C5CC6C(CC7=CNC8=CC=CC6=C78)N(C5)C,0,1
11949238,914.2,C51H79NO13,195,6,65,3,13,6,CC1CCC2CC(C(=CC=CC=CC(CC(C(=O)C(C(C(=CC(C(=O)CC(OC(=O)C3CCCCN3C(=O)C(=O)C1(O2)O)C(C)CC4CCC(C(C4)OC)O)C)C)O)OC)C)C)C)OC,0,1
2078331,314.56,C12H9BrClNO2,42.2,3.7,17,1,2,3,C1=CC(=CC=C1CNC(=O)C2=CC=C(O2)Br)Cl,0,1
6604029,268.23,C13H8N4O3,158,0.2,20,4,7,2,C1=C(C=C(C(=C1O)O)O)C(=C(C=C(C#N)C#N)N)C#N,0,1
6604165,261.92,C5FeN6Na2O,144,NULL,15,0,11,0,[C-]#N.[C-]#N.[C-]#N.[C-]#N.[C-]#N.N#[O+].[Na+].[Na+].[Fe+2],0,9
43834282,448.5,C20H28N6O4S,199,NULL,31,4,4,0,C1C[N+](=C(N)N)CC2=CC=CC=C21.C1C[N+](=C(N)N)CC2=CC=CC=C21.[O-]S(=O)(=O)[O-],0,3
2324077,285.3,C17H11N5,54.4,2.7,22,0,4,2,CC1=C[N+](=CC=C1)C2=NC3=CC=CC=C3N=C2C(=C=[N-])C#N,0,1
4071560,378.4,C17H22N4O4S,107,1.1,26,2,6,3,CC1=C(C(=CC=C1)N2CCN(CC2)S(=O)(=O)C3=C(NC(=O)NC3=O)C)C,0,1
7106794,373.4,C22H19N3O3,68,5,28,2,5,3,CC1=CN2C(=NC(=C2NC3=CC4=C(C=C3)OCCO4)C5=CC=C(C=C5)O)C=C1,0,1
9551059,364.4,C17H20N2O5S,127,3.9,25,1,7,7,CCOC(=O)C1=C(SC(=C1C)C(=O)C)NC(=O)C2=NOC(=C2)C(C)C,0,1
16759513,523.6,C29H37N3O6,127,5.9,38,3,8,7,CC1CCC2(C(CC(C(O2)C(C)C(=O)C3=CC=CN3)C)C)OC1CC4=NC5=C(O4)C=CC(=C5C(=O)O)NC,0,1
7066849,333.3,C19H15N3O3,60.9,4.6,25,1,5,3,CC1=CC=CC2=NC(=C(N12)NC3=CC4=C(C=C3)OCO4)C5=CC=CO5,0,1
704272,333.4,C18H27N3O3,61.9,1.8,24,1,4,6,CCOC(=O)N1CCN(CC1)CCC(=O)NC2=C(C=CC(=C2)C)C,0,1
708056,321.4,C20H19NO3,51.5,3.7,24,1,3,6,COC1=CC=C(C=C1)N2C(=CC=C2C3=CC=CC=C3)CCC(=O)O,0,1
1364727,370.5,C21H26N2O2S,58.1,3.6,26,0,4,6,CC1=CC(=CC=C1)OCC(=O)N2CCN(CC2)CC3=CC=C(C=C3)SC,0,1
4087630,366.4,C21H22N2O4,91.4,3,27,3,4,7,CC1=C(C(=CC=C1)OCC(=O)NC(CC2=CNC3=CC=CC=C32)C(=O)O)C,0,1
11957527,588.6,C29H32O13,161,0.8,42,3,13,5,CC1OCC2C(O1)(CC(C(O2)OC3C4COC(=O)C4C(C5=CC6=C(C=C35)OCO6)C7=CC(=C(C(=C7)OC)O)OC)O)O,0,1
11957723,464.6,C29H40N2O3,58.6,4,34,1,4,9,CC12CCC3C(C1CCC2NCCCCCCN4C(=O)C=CC4=O)CCC5=C3C=CC(=C5)OC,0,1
959599,277.25,C13H12FN3O3,84.1,1.9,20,2,5,5,CCOC(=O)C1=C(N=CN1)C(=O)NC2=CC=C(C=C2)F,0,1
1386229,473,C23H25ClN4O3S,118,4.3,32,2,7,3,CC1(CC2=C(CO1)C(=NC3=C2C(=C(S3)C(=O)NC4=CC=C(C=C4)Cl)N)N5CCOCC5)C,0,1
1509163,351.78,C16H18ClN3O4,93.4,1.9,24,2,5,8,CC1=C(C=CC(=C1)OCC(=O)NC2=CN(N=C2)CCCC(=O)O)Cl,0,1
2053022,398.8,C15H11ClN2O5S2,150,2.6,25,1,7,6,C1=COC(=C1)C2=NC(=C(O2)SCC(=O)N)S(=O)(=O)C3=CC=C(C=C3)Cl,0,1
2053030,443.3,C15H11BrN2O5S2,150,2.7,25,1,7,6,C1=COC(=C1)C2=NC(=C(O2)SCC(=O)N)S(=O)(=O)C3=CC=C(C=C3)Br,0,1
2059127,404.9,C19H17ClN2O4S,81,3.8,27,0,6,4,C1COCCN1C2=C(N=C(O2)C3=CC(=CC=C3)Cl)S(=O)(=O)C4=CC=CC=C4,0,1
2979626,360.4,C17H20N4O3S,81.3,1.6,25,1,5,4,CN1C2=C(C=C(C(=C2)NS(=O)(=O)C3=CC=CC=C3)N(C)C)N(C1=O)C,0,1
3470195,402.9,C20H19ClN2O3S,99.6,3.8,27,2,4,7,CC1=C(C=C(C=C1)NC(=O)CN2C(=CC=C2C3=CC=CS3)CCC(=O)O)Cl,0,1
4109094,426.3,C17H16BrNO5S,97.9,2.5,25,1,5,7,COC(=O)C1=CC=C(C=C1)NC(=O)CCS(=O)(=O)C2=CC=C(C=C2)Br,0,1
4130363,380.8,C16H14ClFN4O2S,106,4,25,1,7,5,CC1=C(C(=NC2=NC(=NN12)SCC(=O)O)C)CC3=C(C=CC=C3Cl)F,0,1
6412283,369.5,C20H27N5S,72.1,4,26,0,5,6,CCCN1C2=C(C=C(C=C2)C)C3=C1N=C(N=N3)SCCN4CCCCC4,0,1
7359933,409.5,C18H23N3O4S2,107,2.2,27,0,7,6,CN(CC(=O)N1CCN(CC1)C2=CC=C(C=C2)OC)S(=O)(=O)C3=CC=CS3,0,1
15945560,399.5,C24H25N5O,54.7,5.1,30,1,5,4,CC1=CC(=C(C=C1)NC2=C(N=C3N2C=CC=N3)C4=CC=C(C=C4)N5CCOCC5)C,0,1
15987747,432.6,C20H24N4O3S2,129,3.1,29,1,7,8,CCN(CC)C1=CC(=C(C=C1)NC(=O)CCS(=O)(=O)C2=CC=CC3=NSN=C32)C,0,1
15990274,375.4,C17H21N5O3S,112,1.8,26,2,5,5,CC1=C(C(=O)N2C(=N1)N=C(N2)C)NS(=O)(=O)C3=CC=C(C=C3)CC(C)C,0,1
15995385,386.5,C20H26N4O2S,87.6,3.6,27,1,5,8,CCN(CC)CCNC(=O)C1=CC2=C(S1)N(N=C2C3=CC(=CC=C3)OC)C,0,1
16007922,455.5,C24H26FN3O3S,85.9,3.2,32,0,7,6,CC1=CC=C(C=C1)C2=NC(=C(O2)C)CS(=O)CC(=O)N3CCN(CC3)C4=CC=C(C=C4)F,0,1
16010221,298.4,C17H18N2OS,57.6,3.1,21,1,3,3,CN1CCSC2=C1C=C(C=C2)C(=O)NCC3=CC=CC=C3,0,1
16014310,392.5,C24H28N2O3,45.9,4.5,29,0,4,6,CC1=C(OC2=CC=CC=C12)C(=O)N(CC3CCCO3)CC4=CC=C(C=C4)N(C)C,0,1
16014312,420.5,C26H32N2O3,45.9,5.2,31,0,4,6,CC1=CC2=C(C=C1C)OC(=C2C)C(=O)N(CC3CCCO3)CC4=CC=C(C=C4)N(C)C,0,1
16014334,406.5,C25H30N2O3,45.9,4.9,30,0,4,6,CC1=CC2=C(C=C1)OC(=C2C)C(=O)N(CC3CCCO3)CC4=CC=C(C=C4)N(C)C,0,1
16014363,409.9,C15H12ClN5O3S2,151,2.2,26,1,8,5,CC1=NN=C(S1)NC(=O)C2=NC(=NC=C2Cl)S(=O)(=O)CC3=CC=CC=C3,0,1
16017063,399.5,C20H21N3O4S,96.4,2.5,28,1,6,5,CC(C1=CC=CC=C1)NC(=O)C2=CC(=NS(=O)(=O)N2C)C3=CC=C(C=C3)OC,0,1
16017064,365.4,C17H23N3O4S,86.4,1,25,0,5,2,CC1CCN(CC1)S(=O)(=O)C2=CC3=C(C=C2)N(C(=O)CC(=O)N3C)C,0,1
16017095,429.5,C21H23N3O5S,96.9,2.2,30,0,7,6,CN1C(=CC(=NS1(=O)=O)C2=CC(=C(C=C2)OC)OC)C(=O)N(C)CC3=CC=CC=C3,0,1
16017245,350.29,C16H13F3N4O2,66.7,2.2,25,1,6,3,CC1=NN(C(=O)C2=CC=CN12)CC(=O)NC3=CC=CC=C3C(F)(F)F,0,1
16018257,425.5,C24H31N3O4,75,3.1,31,1,4,4,CCC1CN(C2=C(O1)C=CC(=C2)C)C(=O)N3CCC(CC3)C(=O)NCC4=CC=C(O4)C,0,1
16018545,436.9,C20H21ClN2O5S,101,2,29,1,5,7,CCN(CC1=CC=CC=C1)C(=O)CCS(=O)(=O)C2=C(C=C3C(=C2)OCC(=O)N3)Cl,0,1
16019210,401.9,C21H20ClNO3S,78.5,3.8,27,1,4,7,CC1=CC=C(C=C1)CS(=O)CC2=CC=C(O2)C(=O)NCC3=CC=CC=C3Cl,0,1
16022536,444.5,C25H28N6O2,82.8,2.8,33,1,5,7,CC1=C2C(=NN(C(=O)C2=NN1C3=CC=CC=C3)CCC(=O)NCC4=CC=C(C=C4)N(C)C)C,0,1
16024300,431.5,C25H25N3O4,80.8,2.7,32,1,5,6,CC1=CC=C(C=C1)CNC(=O)CCC(=O)N2CC3=C(C(=CC=C3)OC)OC4=C2C=CC=N4,0,1
16024512,416.5,C21H24N2O5S,92.4,2.3,29,0,5,7,CC(C)N(CC1=CC=CC=C1)C(=O)CCS(=O)(=O)C2=CC3=C(C=C2)N(C(=O)O3)C,0,1
16025716,347.5,C22H25N3O,28.5,3.8,26,0,2,2,CC1=C(N(C2=C1C=C(C=C2)C(=O)N3CCN(CC3)C4=CC=CC=C4)C)C,0,1
16034476,423.5,C19H25N3O6S,113,0.4,29,0,7,5,CCOC(=O)C1CCN(CC1)S(=O)(=O)C2=CC3=C(C=C2)N(C(=O)CC(=O)N3C)C,0,1
54687802,434.5,C23H18N2O5S,121,3.5,31,3,5,4,CC1=CC=CC=C1NC(=O)C2=CC3=C(C=C2)C(=C(C(=O)N3)S(=O)(=O)C4=CC=CC=C4)O,0,1
135458497,358.4,C19H26N4O3,85.2,2.8,26,2,5,6,CCC1CCCCN1CCCNC(=O)C2=C(N=C3C=CC=CN3C2=O)O,0,1
135616986,371.4,C20H22FN3O3,67.1,2.5,27,1,5,6,CCN1C(=C(C(NC1=NCC2=CC=CO2)C3=CC(=CC=C3)F)C(=O)OC)C,0,1
16758830,429.6,C29H35NO2,40.5,3.8,32,1,3,3,CC#CC1(CCC2C1(CC(C3=C4CCC(=O)C=C4CCC23)C5=CC=C(C=C5)N(C)C)C)O,0,1
